ALIGN_SPLIT,OPTIMIZE_SPLIT,OPTIMIZE_REPS,CUDA_THREADS,N_RESTART,CLIPPING,SIM_THRESH,BUFFER_SIZE,WORKER_PARS,WORKER_BUCK,WORKER_DS,TIME,THROUG,AVG_RMSD
8,8,1,32,256,10,1,1048576,20,4,6,81.512,5515.76,2.86
8,8,1,32,256,10,1,5242880,20,4,6,79.386,5663.47,2.86
8,8,1,32,256,10,2,1048576,20,4,6,66.040,6808.01,2.79
8,8,1,32,256,10,2,5242880,20,4,6,64.120,7011.86,2.79
8,8,1,32,256,10,3,1048576,20,4,6,67.249,6685.61,2.84
8,8,1,32,256,10,3,5242880,20,4,6,67.849,6626.49,2.84
8,8,1,32,256,10,4,1048576,20,4,6,61.781,7277.33,2.93
8,8,1,32,256,10,4,5242880,20,4,6,65.892,6823.30,2.93
8,8,1,32,256,50,1,1048576,20,4,6,63.067,7128.94,2.42
8,8,1,32,256,50,1,5242880,20,4,6,88.520,5079.08,2.42
8,8,1,32,256,50,2,1048576,20,4,6,64.236,6999.20,2.44
8,8,1,32,256,50,2,5242880,20,4,6,81.574,5511.57,2.44
8,8,1,32,256,50,3,1048576,20,4,6,61.012,7369.05,2.46
8,8,1,32,256,50,3,5242880,20,4,6,64.831,6934.96,2.46
8,8,1,32,256,50,4,1048576,20,4,6,62.466,7197.53,2.50
8,8,1,32,256,50,4,5242880,20,4,6,62.276,7219.49,2.50
8,8,1,32,256,256,1,1048576,20,4,6,87.615,5131.55,2.20
8,8,1,32,256,256,1,5242880,20,4,6,63.898,7036.22,2.20
8,8,1,32,256,256,2,1048576,20,4,6,78.303,5741.81,2.20
8,8,1,32,256,256,2,5242880,20,4,6,72.002,6244.28,2.20
8,8,1,32,256,256,3,1048576,20,4,6,67.019,6708.56,2.20
8,8,1,32,256,256,3,5242880,20,4,6,65.514,6862.67,2.20
8,8,1,32,256,256,4,1048576,20,4,6,69.642,6455.88,2.20
8,8,1,32,256,256,4,5242880,20,4,6,64.535,6966.77,2.20
8,8,1,32,1024,10,1,1048576,20,4,6,164.511,2732.95,2.99
8,8,1,32,1024,10,1,5242880,20,4,6,166.618,2698.39,2.99
8,8,1,32,1024,10,2,1048576,20,4,6,164.014,2741.23,2.91
8,8,1,32,1024,10,2,5242880,20,4,6,164.087,2740.01,2.91
8,8,1,32,1024,10,3,1048576,20,4,6,164.125,2739.38,2.93
8,8,1,32,1024,10,3,5242880,20,4,6,158.414,2838.13,2.93
8,8,1,32,1024,10,4,1048576,20,4,6,160.195,2806.58,3.08
8,8,1,32,1024,10,4,5242880,20,4,6,156.971,2864.22,3.08
8,8,1,32,1024,50,1,1048576,20,4,6,163.031,2757.76,2.43
8,8,1,32,1024,50,1,5242880,20,4,6,164.995,2724.93,2.43
8,8,1,32,1024,50,2,1048576,20,4,6,159.752,2814.36,2.49
8,8,1,32,1024,50,2,5242880,20,4,6,159.191,2824.28,2.49
8,8,1,32,1024,50,3,1048576,20,4,6,162.024,2774.90,2.54
8,8,1,32,1024,50,3,5242880,20,4,6,165.721,2712.99,2.54
8,8,1,32,1024,50,4,1048576,20,4,6,166.412,2701.73,2.59
8,8,1,32,1024,50,4,5242880,20,4,6,161.426,2785.18,2.59
8,8,1,32,1024,256,1,1048576,20,4,6,172.193,2611.02,2.27
8,8,1,32,1024,256,1,5242880,20,4,6,169.521,2652.18,2.27
8,8,1,32,1024,256,2,1048576,20,4,6,170.910,2630.63,2.29
8,8,1,32,1024,256,2,5242880,20,4,6,169.282,2655.92,2.29
8,8,1,32,1024,256,3,1048576,20,4,6,168.700,2665.09,2.30
8,8,1,32,1024,256,3,5242880,20,4,6,169.289,2655.81,2.30
8,8,1,32,1024,256,4,1048576,20,4,6,168.941,2661.29,2.33
8,8,1,32,1024,256,4,5242880,20,4,6,168.533,2667.73,2.33
8,8,1,96,256,10,1,1048576,20,4,6,80.138,5610.33,2.86
8,8,1,96,256,10,1,5242880,20,4,6,61.178,7349.06,2.86
8,8,1,96,256,10,2,1048576,20,4,6,78.440,5731.78,2.79
8,8,1,96,256,10,2,5242880,20,4,6,62.549,7187.98,2.79
8,8,1,96,256,10,3,1048576,20,4,6,60.202,7468.20,2.84
8,8,1,96,256,10,3,5242880,20,4,6,77.274,5818.27,2.84
8,8,1,96,256,10,4,1048576,20,4,6,77.773,5780.93,2.93
8,8,1,96,256,10,4,5242880,20,4,6,80.970,5552.68,2.93
8,8,1,96,256,50,1,1048576,20,4,6,64.282,6994.19,2.42
8,8,1,96,256,50,1,5242880,20,4,6,63.040,7131.99,2.42
8,8,1,96,256,50,2,1048576,20,4,6,77.341,5813.22,2.44
8,8,1,96,256,50,2,5242880,20,4,6,83.189,5404.57,2.44
8,8,1,96,256,50,3,1048576,20,4,6,84.919,5294.46,2.46
8,8,1,96,256,50,3,5242880,20,4,6,75.793,5931.95,2.46
8,8,1,96,256,50,4,1048576,20,4,6,58.987,7622.03,2.50
8,8,1,96,256,50,4,5242880,20,4,6,78.258,5745.11,2.50
8,8,1,96,256,256,1,1048576,20,4,6,87.360,5146.53,2.20
8,8,1,96,256,256,1,5242880,20,4,6,83.924,5357.23,2.20
8,8,1,96,256,256,2,1048576,20,4,6,83.477,5385.92,2.20
8,8,1,96,256,256,2,5242880,20,4,6,62.692,7171.58,2.20
8,8,1,96,256,256,3,1048576,20,4,6,79.901,5626.97,2.20
8,8,1,96,256,256,3,5242880,20,4,6,82.204,5469.33,2.20
8,8,1,96,256,256,4,1048576,20,4,6,84.558,5317.07,2.20
8,8,1,96,256,256,4,5242880,20,4,6,64.574,6962.57,2.20
8,8,1,96,1024,10,1,1048576,20,4,6,174.653,2574.25,2.99
8,8,1,96,1024,10,1,5242880,20,4,6,174.443,2577.35,2.99
8,8,1,96,1024,10,2,1048576,20,4,6,173.549,2590.62,2.91
8,8,1,96,1024,10,2,5242880,20,4,6,173.008,2598.72,2.91
8,8,1,96,1024,10,3,1048576,20,4,6,172.353,2608.60,2.93
8,8,1,96,1024,10,3,5242880,20,4,6,166.016,2708.17,2.93
8,8,1,96,1024,10,4,1048576,20,4,6,174.222,2580.62,3.08
8,8,1,96,1024,10,4,5242880,20,4,6,169.269,2656.13,3.08
8,8,1,96,1024,50,1,1048576,20,4,6,174.589,2575.19,2.43
8,8,1,96,1024,50,1,5242880,20,4,6,175.906,2555.91,2.43
8,8,1,96,1024,50,2,1048576,20,4,6,171.960,2614.56,2.49
8,8,1,96,1024,50,2,5242880,20,4,6,176.357,2549.37,2.49
8,8,1,96,1024,50,3,1048576,20,4,6,175.642,2559.75,2.54
8,8,1,96,1024,50,3,5242880,20,4,6,174.618,2574.76,2.54
8,8,1,96,1024,50,4,1048576,20,4,6,174.067,2582.91,2.59
8,8,1,96,1024,50,4,5242880,20,4,6,176.229,2551.23,2.59
8,8,1,96,1024,256,1,1048576,20,4,6,180.410,2492.10,2.27
8,8,1,96,1024,256,1,5242880,20,4,6,179.975,2498.13,2.27
8,8,1,96,1024,256,2,1048576,20,4,6,183.764,2446.62,2.29
8,8,1,96,1024,256,2,5242880,20,4,6,180.666,2488.57,2.29
8,8,1,96,1024,256,3,1048576,20,4,6,178.415,2519.97,2.30
8,8,1,96,1024,256,3,5242880,20,4,6,181.062,2483.13,2.30
8,8,1,96,1024,256,4,1048576,20,4,6,179.594,2503.42,2.33
8,8,1,96,1024,256,4,5242880,20,4,6,178.703,2515.91,2.33
8,8,3,32,256,10,1,1048576,20,4,6,102.980,4365.90,2.90
8,8,3,32,256,10,1,5242880,20,4,6,87.834,5118.75,2.90
8,8,3,32,256,10,2,1048576,20,4,6,91.110,4934.70,2.77
8,8,3,32,256,10,2,5242880,20,4,6,101.246,4440.67,2.77
8,8,3,32,256,10,3,1048576,20,4,6,104.057,4320.71,2.81
8,8,3,32,256,10,3,5242880,20,4,6,99.024,4540.32,2.81
8,8,3,32,256,10,4,1048576,20,4,6,93.247,4821.61,2.86
8,8,3,32,256,10,4,5242880,20,4,6,101.635,4423.68,2.86
8,8,3,32,256,50,1,1048576,20,4,6,106.040,4239.91,2.37
8,8,3,32,256,50,1,5242880,20,4,6,90.084,4990.90,2.37
8,8,3,32,256,50,2,1048576,20,4,6,97.956,4589.82,2.38
8,8,3,32,256,50,2,5242880,20,4,6,90.021,4994.40,2.38
8,8,3,32,256,50,3,1048576,20,4,6,90.165,4986.42,2.41
8,8,3,32,256,50,3,5242880,20,4,6,101.174,4443.83,2.41
8,8,3,32,256,50,4,1048576,20,4,6,90.069,4991.73,2.43
8,8,3,32,256,50,4,5242880,20,4,6,93.648,4800.96,2.43
8,8,3,32,256,256,1,1048576,20,4,6,103.055,4362.72,2.15
8,8,3,32,256,256,1,5242880,20,4,6,108.549,4141.91,2.15
8,8,3,32,256,256,2,1048576,20,4,6,97.001,4635.01,2.15
8,8,3,32,256,256,2,5242880,20,4,6,99.094,4537.11,2.15
8,8,3,32,256,256,3,1048576,20,4,6,109.048,4122.96,2.15
8,8,3,32,256,256,3,5242880,20,4,6,99.912,4499.96,2.15
8,8,3,32,256,256,4,1048576,20,4,6,103.931,4325.95,2.15
8,8,3,32,256,256,4,5242880,20,4,6,110.631,4063.96,2.15
8,8,3,32,1024,10,1,1048576,20,4,6,315.012,1427.25,3.04
8,8,3,32,1024,10,1,5242880,20,4,6,315.969,1422.92,3.04
8,8,3,32,1024,10,2,1048576,20,4,6,314.484,1429.64,2.88
8,8,3,32,1024,10,2,5242880,20,4,6,310.454,1448.20,2.88
8,8,3,32,1024,10,3,1048576,20,4,6,309.180,1454.17,2.89
8,8,3,32,1024,10,3,5242880,20,4,6,314.829,1428.08,2.89
8,8,3,32,1024,10,4,1048576,20,4,6,309.868,1450.94,3.00
8,8,3,32,1024,10,4,5242880,20,4,6,307.536,1461.94,3.00
8,8,3,32,1024,50,1,1048576,20,4,6,317.263,1417.12,2.40
8,8,3,32,1024,50,1,5242880,20,4,6,313.131,1435.82,2.40
8,8,3,32,1024,50,2,1048576,20,4,6,314.231,1430.79,2.44
8,8,3,32,1024,50,2,5242880,20,4,6,313.228,1435.37,2.44
8,8,3,32,1024,50,3,1048576,20,4,6,311.024,1445.55,2.51
8,8,3,32,1024,50,3,5242880,20,4,6,315.699,1424.14,2.51
8,8,3,32,1024,50,4,1048576,20,4,6,317.824,1414.62,2.57
8,8,3,32,1024,50,4,5242880,20,4,6,313.002,1436.41,2.57
8,8,3,32,1024,256,1,1048576,20,4,6,327.873,1371.26,2.15
8,8,3,32,1024,256,1,5242880,20,4,6,327.524,1372.72,2.15
8,8,3,32,1024,256,2,1048576,20,4,6,325.653,1380.61,2.20
8,8,3,32,1024,256,2,5242880,20,4,6,323.934,1387.94,2.20
8,8,3,32,1024,256,3,1048576,20,4,6,324.716,1384.59,2.22
8,8,3,32,1024,256,3,5242880,20,4,6,328.133,1370.17,2.22
8,8,3,32,1024,256,4,1048576,20,4,6,329.059,1366.32,2.25
8,8,3,32,1024,256,4,5242880,20,4,6,325.951,1379.35,2.25
8,8,3,96,256,10,1,1048576,20,4,6,92.960,4836.49,2.90
8,8,3,96,256,10,1,5242880,20,4,6,93.487,4809.23,2.90
8,8,3,96,256,10,2,1048576,20,4,6,94.023,4781.81,2.77
8,8,3,96,256,10,2,5242880,20,4,6,102.318,4394.15,2.77
8,8,3,96,256,10,3,1048576,20,4,6,93.218,4823.11,2.81
8,8,3,96,256,10,3,5242880,20,4,6,97.054,4632.48,2.81
8,8,3,96,256,10,4,1048576,20,4,6,95.748,4695.66,2.86
8,8,3,96,256,10,4,5242880,20,4,6,95.247,4720.36,2.86
8,8,3,96,256,50,1,1048576,20,4,6,102.698,4377.89,2.37
8,8,3,96,256,50,1,5242880,20,4,6,96.222,4672.53,2.37
8,8,3,96,256,50,2,1048576,20,4,6,98.046,4585.61,2.38
8,8,3,96,256,50,2,5242880,20,4,6,95.750,4695.57,2.38
8,8,3,96,256,50,3,1048576,20,4,6,104.277,4311.60,2.41
8,8,3,96,256,50,3,5242880,20,4,6,98.053,4585.28,2.41
8,8,3,96,256,50,4,1048576,20,4,6,104.832,4288.77,2.43
8,8,3,96,256,50,4,5242880,20,4,6,105.502,4261.54,2.43
8,8,3,96,256,256,1,1048576,20,4,6,111.110,4046.44,2.15
8,8,3,96,256,256,1,5242880,20,4,6,106.363,4227.04,2.15
8,8,3,96,256,256,2,1048576,20,4,6,105.839,4247.97,2.15
8,8,3,96,256,256,2,5242880,20,4,6,112.857,3983.81,2.15
8,8,3,96,256,256,3,1048576,20,4,6,112.995,3978.94,2.15
8,8,3,96,256,256,3,5242880,20,4,6,108.531,4142.60,2.15
8,8,3,96,256,256,4,1048576,20,4,6,110.374,4073.43,2.15
8,8,3,96,256,256,4,5242880,20,4,6,111.115,4046.26,2.15
8,8,3,96,1024,10,1,1048576,20,4,6,333.299,1348.94,3.04
8,8,3,96,1024,10,1,5242880,20,4,6,331.902,1354.61,3.04
8,8,3,96,1024,10,2,1048576,20,4,6,331.363,1356.82,2.88
8,8,3,96,1024,10,2,5242880,20,4,6,332.753,1351.15,2.88
8,8,3,96,1024,10,3,1048576,20,4,6,333.061,1349.90,2.89
8,8,3,96,1024,10,3,5242880,20,4,6,330.304,1361.17,2.89
8,8,3,96,1024,10,4,1048576,20,4,6,333.176,1349.43,3.00
8,8,3,96,1024,10,4,5242880,20,4,6,332.814,1350.90,3.00
8,8,3,96,1024,50,1,1048576,20,4,6,337.015,1334.06,2.40
8,8,3,96,1024,50,1,5242880,20,4,6,336.549,1335.91,2.40
8,8,3,96,1024,50,2,1048576,20,4,6,335.603,1339.68,2.44
8,8,3,96,1024,50,2,5242880,20,4,6,334.310,1344.86,2.44
8,8,3,96,1024,50,3,1048576,20,4,6,338.057,1329.95,2.51
8,8,3,96,1024,50,3,5242880,20,4,6,330.162,1361.75,2.51
8,8,3,96,1024,50,4,1048576,20,4,6,335.338,1340.73,2.57
8,8,3,96,1024,50,4,5242880,20,4,6,338.741,1327.27,2.57
8,8,3,96,1024,256,1,1048576,20,4,6,349.502,1286.40,2.15
8,8,3,96,1024,256,1,5242880,20,4,6,348.828,1288.89,2.15
8,8,3,96,1024,256,2,1048576,20,4,6,348.415,1290.41,2.20
8,8,3,96,1024,256,2,5242880,20,4,6,345.123,1302.72,2.20
8,8,3,96,1024,256,3,1048576,20,4,6,346.590,1297.21,2.22
8,8,3,96,1024,256,3,5242880,20,4,6,348.259,1290.99,2.22
8,8,3,96,1024,256,4,1048576,20,4,6,348.349,1290.66,2.25
8,8,3,96,1024,256,4,5242880,20,4,6,348.203,1291.20,2.25
8,8,5,32,256,10,1,1048576,20,4,6,124.858,3600.89,2.91
8,8,5,32,256,10,1,5242880,20,4,6,133.729,3362.03,2.91
8,8,5,32,256,10,2,1048576,20,4,6,125.204,3590.94,2.76
8,8,5,32,256,10,2,5242880,20,4,6,127.180,3535.15,2.76
8,8,5,32,256,10,3,1048576,20,4,6,132.804,3385.44,2.81
8,8,5,32,256,10,3,5242880,20,4,6,125.377,3585.99,2.81
8,8,5,32,256,10,4,1048576,20,4,6,125.427,3584.56,2.86
8,8,5,32,256,10,4,5242880,20,4,6,122.167,3680.21,2.86
8,8,5,32,256,50,1,1048576,20,4,6,126.775,3546.44,2.36
8,8,5,32,256,50,1,5242880,20,4,6,130.203,3453.07,2.36
8,8,5,32,256,50,2,1048576,20,4,6,128.425,3500.88,2.38
8,8,5,32,256,50,2,5242880,20,4,6,125.860,3572.23,2.38
8,8,5,32,256,50,3,1048576,20,4,6,134.810,3335.07,2.41
8,8,5,32,256,50,3,5242880,20,4,6,136.609,3291.15,2.41
8,8,5,32,256,50,4,1048576,20,4,6,132.843,3384.45,2.43
8,8,5,32,256,50,4,5242880,20,4,6,134.571,3340.99,2.43
8,8,5,32,256,256,1,1048576,20,4,6,140.744,3194.45,2.15
8,8,5,32,256,256,1,5242880,20,4,6,131.823,3410.64,2.15
8,8,5,32,256,256,2,1048576,20,4,6,140.942,3189.97,2.15
8,8,5,32,256,256,2,5242880,20,4,6,136.729,3288.26,2.15
8,8,5,32,256,256,3,1048576,20,4,6,141.128,3185.76,2.15
8,8,5,32,256,256,3,5242880,20,4,6,138.990,3234.77,2.15
8,8,5,32,256,256,4,1048576,20,4,6,139.442,3224.28,2.15
8,8,5,32,256,256,4,5242880,20,4,6,133.942,3356.68,2.15
8,8,5,32,1024,10,1,1048576,20,4,6,467.158,962.41,3.02
8,8,5,32,1024,10,1,5242880,20,4,6,460.146,977.08,3.02
8,8,5,32,1024,10,2,1048576,20,4,6,460.791,975.71,2.83
8,8,5,32,1024,10,2,5242880,20,4,6,464.040,968.88,2.83
8,8,5,32,1024,10,3,1048576,20,4,6,465.253,966.35,2.86
8,8,5,32,1024,10,3,5242880,20,4,6,455.203,987.69,2.86
8,8,5,32,1024,10,4,1048576,20,4,6,461.517,974.18,2.98
8,8,5,32,1024,10,4,5242880,20,4,6,459.892,977.62,2.98
8,8,5,32,1024,50,1,1048576,20,4,6,464.148,968.65,2.39
8,8,5,32,1024,50,1,5242880,20,4,6,461.380,974.47,2.39
8,8,5,32,1024,50,2,1048576,20,4,6,459.155,979.19,2.44
8,8,5,32,1024,50,2,5242880,20,4,6,467.014,962.71,2.44
8,8,5,32,1024,50,3,1048576,20,4,6,462.926,971.21,2.50
8,8,5,32,1024,50,3,5242880,20,4,6,462.376,972.37,2.50
8,8,5,32,1024,50,4,1048576,20,4,6,459.459,978.54,2.56
8,8,5,32,1024,50,4,5242880,20,4,6,459.737,977.95,2.56
8,8,5,32,1024,256,1,1048576,20,4,6,478.600,939.40,2.16
8,8,5,32,1024,256,1,5242880,20,4,6,479.661,937.33,2.16
8,8,5,32,1024,256,2,1048576,20,4,6,472.915,950.70,2.20
8,8,5,32,1024,256,2,5242880,20,4,6,478.454,939.69,2.20
8,8,5,32,1024,256,3,1048576,20,4,6,480.626,935.44,2.23
8,8,5,32,1024,256,3,5242880,20,4,6,473.759,949.00,2.23
8,8,5,32,1024,256,4,1048576,20,4,6,475.797,944.94,2.26
8,8,5,32,1024,256,4,5242880,20,4,6,478.356,939.88,2.26
8,8,5,96,256,10,1,1048576,20,4,6,140.032,3210.70,2.91
8,8,5,96,256,10,1,5242880,20,4,6,136.987,3282.07,2.91
8,8,5,96,256,10,2,1048576,20,4,6,138.332,3250.15,2.76
8,8,5,96,256,10,2,5242880,20,4,6,136.632,3290.59,2.76
8,8,5,96,256,10,3,1048576,20,4,6,138.264,3251.75,2.81
8,8,5,96,256,10,3,5242880,20,4,6,138.600,3243.87,2.81
8,8,5,96,256,10,4,1048576,20,4,6,137.303,3274.51,2.86
8,8,5,96,256,10,4,5242880,20,4,6,139.872,3214.37,2.86
8,8,5,96,256,50,1,1048576,20,4,6,140.483,3200.39,2.36
8,8,5,96,256,50,1,5242880,20,4,6,132.042,3404.98,2.36
8,8,5,96,256,50,2,1048576,20,4,6,141.155,3185.15,2.38
8,8,5,96,256,50,2,5242880,20,4,6,137.952,3259.11,2.38
8,8,5,96,256,50,3,1048576,20,4,6,137.621,3266.95,2.41
8,8,5,96,256,50,3,5242880,20,4,6,140.235,3206.05,2.41
8,8,5,96,256,50,4,1048576,20,4,6,143.271,3138.11,2.43
8,8,5,96,256,50,4,5242880,20,4,6,136.246,3299.92,2.43
8,8,5,96,256,256,1,1048576,20,4,6,144.290,3115.95,2.15
8,8,5,96,256,256,1,5242880,20,4,6,147.319,3051.88,2.15
8,8,5,96,256,256,2,1048576,20,4,6,143.754,3127.57,2.15
8,8,5,96,256,256,2,5242880,20,4,6,140.385,3202.62,2.15
8,8,5,96,256,256,3,1048576,20,4,6,145.254,3095.27,2.15
8,8,5,96,256,256,3,5242880,20,4,6,147.690,3044.22,2.15
8,8,5,96,256,256,4,1048576,20,4,6,148.770,3022.12,2.15
8,8,5,96,256,256,4,5242880,20,4,6,149.092,3015.59,2.15
8,8,5,96,1024,10,1,1048576,20,4,6,496.288,905.92,3.02
8,8,5,96,1024,10,1,5242880,20,4,6,490.593,916.44,3.02
8,8,5,96,1024,10,2,1048576,20,4,6,493.984,910.15,2.83
8,8,5,96,1024,10,2,5242880,20,4,6,491.249,915.22,2.83
8,8,5,96,1024,10,3,1048576,20,4,6,496.223,906.04,2.86
8,8,5,96,1024,10,3,5242880,20,4,6,491.509,914.73,2.86
8,8,5,96,1024,10,4,1048576,20,4,6,489.402,918.67,2.98
8,8,5,96,1024,10,4,5242880,20,4,6,498.648,901.64,2.98
8,8,5,96,1024,50,1,1048576,20,4,6,489.054,919.32,2.39
8,8,5,96,1024,50,1,5242880,20,4,6,495.447,907.46,2.39
8,8,5,96,1024,50,2,1048576,20,4,6,496.192,906.10,2.44
8,8,5,96,1024,50,2,5242880,20,4,6,494.998,908.28,2.44
8,8,5,96,1024,50,3,1048576,20,4,6,499.628,899.87,2.50
8,8,5,96,1024,50,3,5242880,20,4,6,497.141,904.37,2.50
8,8,5,96,1024,50,4,1048576,20,4,6,494.982,908.31,2.56
8,8,5,96,1024,50,4,5242880,20,4,6,501.306,896.85,2.56
8,8,5,96,1024,256,1,1048576,20,4,6,504.103,891.88,2.16
8,8,5,96,1024,256,1,5242880,20,4,6,508.406,884.33,2.16
8,8,5,96,1024,256,2,1048576,20,4,6,509.781,881.94,2.20
8,8,5,96,1024,256,2,5242880,20,4,6,508.935,883.41,2.20
8,8,5,96,1024,256,3,1048576,20,4,6,508.231,884.63,2.23
8,8,5,96,1024,256,3,5242880,20,4,6,508.539,884.10,2.23
8,8,5,96,1024,256,4,1048576,20,4,6,506.543,887.58,2.26
8,8,5,96,1024,256,4,5242880,20,4,6,510.754,880.26,2.26
8,24,1,32,256,10,1,1048576,20,4,6,74.227,6057.10,2.92
8,24,1,32,256,10,1,5242880,20,4,6,70.396,6386.74,2.92
8,24,1,32,256,10,2,1048576,20,4,6,71.399,6297.02,2.75
8,24,1,32,256,10,2,5242880,20,4,6,84.652,5311.16,2.75
8,24,1,32,256,10,3,1048576,20,4,6,70.679,6361.16,2.76
8,24,1,32,256,10,3,5242880,20,4,6,71.801,6261.76,2.76
8,24,1,32,256,10,4,1048576,20,4,6,71.424,6294.81,2.80
8,24,1,32,256,10,4,5242880,20,4,6,73.579,6110.45,2.80
8,24,1,32,256,50,1,1048576,20,4,6,79.609,5647.61,2.37
8,24,1,32,256,50,1,5242880,20,4,6,77.956,5767.36,2.37
8,24,1,32,256,50,2,1048576,20,4,6,81.919,5488.36,2.39
8,24,1,32,256,50,2,5242880,20,4,6,73.899,6083.99,2.39
8,24,1,32,256,50,3,1048576,20,4,6,75.254,5974.44,2.42
8,24,1,32,256,50,3,5242880,20,4,6,75.955,5919.30,2.42
8,24,1,32,256,50,4,1048576,20,4,6,81.710,5502.39,2.46
8,24,1,32,256,50,4,5242880,20,4,6,91.959,4889.14,2.46
8,24,1,32,256,256,1,1048576,20,4,6,87.550,5135.36,2.15
8,24,1,32,256,256,1,5242880,20,4,6,88.923,5056.07,2.15
8,24,1,32,256,256,2,1048576,20,4,6,78.811,5704.80,2.15
8,24,1,32,256,256,2,5242880,20,4,6,91.017,4939.74,2.15
8,24,1,32,256,256,3,1048576,20,4,6,90.044,4993.12,2.15
8,24,1,32,256,256,3,5242880,20,4,6,86.255,5212.46,2.15
8,24,1,32,256,256,4,1048576,20,4,6,80.713,5570.36,2.15
8,24,1,32,256,256,4,5242880,20,4,6,85.929,5232.23,2.15
8,24,1,32,1024,10,1,1048576,20,4,6,237.976,1889.27,2.93
8,24,1,32,1024,10,1,5242880,20,4,6,236.156,1903.83,2.93
8,24,1,32,1024,10,2,1048576,20,4,6,239.342,1878.48,2.70
8,24,1,32,1024,10,2,5242880,20,4,6,232.848,1930.87,2.70
8,24,1,32,1024,10,3,1048576,20,4,6,235.963,1905.38,2.81
8,24,1,32,1024,10,3,5242880,20,4,6,236.262,1902.97,2.81
8,24,1,32,1024,10,4,1048576,20,4,6,235.584,1908.45,2.88
8,24,1,32,1024,10,4,5242880,20,4,6,236.983,1897.18,2.88
8,24,1,32,1024,50,1,1048576,20,4,6,240.073,1872.76,2.35
8,24,1,32,1024,50,1,5242880,20,4,6,240.152,1872.15,2.35
8,24,1,32,1024,50,2,1048576,20,4,6,240.684,1868.01,2.39
8,24,1,32,1024,50,2,5242880,20,4,6,241.231,1863.77,2.39
8,24,1,32,1024,50,3,1048576,20,4,6,237.897,1889.89,2.42
8,24,1,32,1024,50,3,5242880,20,4,6,239.181,1879.75,2.42
8,24,1,32,1024,50,4,1048576,20,4,6,241.327,1863.03,2.49
8,24,1,32,1024,50,4,5242880,20,4,6,236.970,1897.29,2.49
8,24,1,32,1024,256,1,1048576,20,4,6,250.786,1792.76,2.15
8,24,1,32,1024,256,1,5242880,20,4,6,253.813,1771.38,2.15
8,24,1,32,1024,256,2,1048576,20,4,6,248.955,1805.95,2.19
8,24,1,32,1024,256,2,5242880,20,4,6,248.601,1808.52,2.19
8,24,1,32,1024,256,3,1048576,20,4,6,248.071,1812.38,2.20
8,24,1,32,1024,256,3,5242880,20,4,6,246.340,1825.12,2.20
8,24,1,32,1024,256,4,1048576,20,4,6,247.608,1815.77,2.21
8,24,1,32,1024,256,4,5242880,20,4,6,248.981,1805.76,2.21
8,24,1,96,256,10,1,1048576,20,4,6,78.209,5748.71,2.92
8,24,1,96,256,10,1,5242880,20,4,6,75.173,5980.88,2.92
8,24,1,96,256,10,2,1048576,20,4,6,74.803,6010.46,2.75
8,24,1,96,256,10,2,5242880,20,4,6,75.003,5994.44,2.75
8,24,1,96,256,10,3,1048576,20,4,6,91.259,4926.64,2.76
8,24,1,96,256,10,3,5242880,20,4,6,89.075,5047.44,2.76
8,24,1,96,256,10,4,1048576,20,4,6,74.878,6004.44,2.80
8,24,1,96,256,10,4,5242880,20,4,6,87.905,5114.62,2.80
8,24,1,96,256,50,1,1048576,20,4,6,88.888,5058.06,2.37
8,24,1,96,256,50,1,5242880,20,4,6,78.228,5747.31,2.37
8,24,1,96,256,50,2,1048576,20,4,6,78.736,5710.23,2.39
8,24,1,96,256,50,2,5242880,20,4,6,88.730,5067.06,2.39
8,24,1,96,256,50,3,1048576,20,4,6,91.237,4927.83,2.42
8,24,1,96,256,50,3,5242880,20,4,6,91.402,4918.94,2.42
8,24,1,96,256,50,4,1048576,20,4,6,86.679,5186.96,2.46
8,24,1,96,256,50,4,5242880,20,4,6,86.732,5183.79,2.46
8,24,1,96,256,256,1,1048576,20,4,6,84.320,5332.08,2.15
8,24,1,96,256,256,1,5242880,20,4,6,86.614,5190.85,2.15
8,24,1,96,256,256,2,1048576,20,4,6,85.972,5229.62,2.15
8,24,1,96,256,256,2,5242880,20,4,6,95.396,4712.99,2.15
8,24,1,96,256,256,3,1048576,20,4,6,84.577,5315.87,2.15
8,24,1,96,256,256,3,5242880,20,4,6,92.995,4834.67,2.15
8,24,1,96,256,256,4,1048576,20,4,6,99.013,4540.82,2.15
8,24,1,96,256,256,4,5242880,20,4,6,87.041,5165.39,2.15
8,24,1,96,1024,10,1,1048576,20,4,6,253.338,1774.70,2.93
8,24,1,96,1024,10,1,5242880,20,4,6,253.060,1776.65,2.93
8,24,1,96,1024,10,2,1048576,20,4,6,251.626,1786.78,2.70
8,24,1,96,1024,10,2,5242880,20,4,6,255.698,1758.32,2.70
8,24,1,96,1024,10,3,1048576,20,4,6,247.320,1817.89,2.81
8,24,1,96,1024,10,3,5242880,20,4,6,251.539,1787.40,2.81
8,24,1,96,1024,10,4,1048576,20,4,6,253.279,1775.12,2.88
8,24,1,96,1024,10,4,5242880,20,4,6,247.569,1816.06,2.88
8,24,1,96,1024,50,1,1048576,20,4,6,254.081,1769.51,2.35
8,24,1,96,1024,50,1,5242880,20,4,6,252.525,1780.42,2.35
8,24,1,96,1024,50,2,1048576,20,4,6,254.449,1766.95,2.39
8,24,1,96,1024,50,2,5242880,20,4,6,257.894,1743.35,2.39
8,24,1,96,1024,50,3,1048576,20,4,6,255.540,1759.41,2.42
8,24,1,96,1024,50,3,5242880,20,4,6,252.034,1783.89,2.42
8,24,1,96,1024,50,4,1048576,20,4,6,253.008,1777.02,2.49
8,24,1,96,1024,50,4,5242880,20,4,6,252.925,1777.60,2.49
8,24,1,96,1024,256,1,1048576,20,4,6,273.712,1642.60,2.15
8,24,1,96,1024,256,1,5242880,20,4,6,264.532,1699.60,2.15
8,24,1,96,1024,256,2,1048576,20,4,6,265.424,1693.89,2.19
8,24,1,96,1024,256,2,5242880,20,4,6,264.825,1697.72,2.19
8,24,1,96,1024,256,3,1048576,20,4,6,265.091,1696.02,2.20
8,24,1,96,1024,256,3,5242880,20,4,6,265.712,1692.06,2.20
8,24,1,96,1024,256,4,1048576,20,4,6,264.049,1702.71,2.21
8,24,1,96,1024,256,4,5242880,20,4,6,263.495,1706.29,2.21
8,24,3,32,256,10,1,1048576,20,4,6,142.146,3162.95,2.89
8,24,3,32,256,10,1,5242880,20,4,6,141.752,3171.74,2.89
8,24,3,32,256,10,2,1048576,20,4,6,142.406,3157.17,2.76
8,24,3,32,256,10,2,5242880,20,4,6,142.955,3145.05,2.76
8,24,3,32,256,10,3,1048576,20,4,6,140.394,3202.42,2.69
8,24,3,32,256,10,3,5242880,20,4,6,140.265,3205.36,2.69
8,24,3,32,256,10,4,1048576,20,4,6,144.681,3107.53,2.73
8,24,3,32,256,10,4,5242880,20,4,6,141.537,3176.56,2.73
8,24,3,32,256,50,1,1048576,20,4,6,149.850,3000.34,2.32
8,24,3,32,256,50,1,5242880,20,4,6,148.790,3021.71,2.32
8,24,3,32,256,50,2,1048576,20,4,6,140.833,3192.44,2.31
8,24,3,32,256,50,2,5242880,20,4,6,141.541,3176.47,2.31
8,24,3,32,256,50,3,1048576,20,4,6,142.239,3160.88,2.33
8,24,3,32,256,50,3,5242880,20,4,6,146.746,3063.80,2.33
8,24,3,32,256,50,4,1048576,20,4,6,146.576,3067.35,2.37
8,24,3,32,256,50,4,5242880,20,4,6,145.474,3090.59,2.37
8,24,3,32,256,256,1,1048576,20,4,6,156.532,2872.26,2.06
8,24,3,32,256,256,1,5242880,20,4,6,153.856,2922.21,2.06
8,24,3,32,256,256,2,1048576,20,4,6,156.775,2867.81,2.06
8,24,3,32,256,256,2,5242880,20,4,6,155.694,2887.72,2.06
8,24,3,32,256,256,3,1048576,20,4,6,150.817,2981.10,2.06
8,24,3,32,256,256,3,5242880,20,4,6,150.668,2984.05,2.06
8,24,3,32,256,256,4,1048576,20,4,6,155.208,2896.76,2.06
8,24,3,32,256,256,4,5242880,20,4,6,153.095,2936.74,2.06
8,24,3,32,1024,10,1,1048576,20,4,6,529.300,849.42,2.83
8,24,3,32,1024,10,1,5242880,20,4,6,527.208,852.79,2.83
8,24,3,32,1024,10,2,1048576,20,4,6,522.170,861.02,2.65
8,24,3,32,1024,10,2,5242880,20,4,6,524.314,857.50,2.65
8,24,3,32,1024,10,3,1048576,20,4,6,519.098,866.11,2.68
8,24,3,32,1024,10,3,5242880,20,4,6,520.485,863.81,2.68
8,24,3,32,1024,10,4,1048576,20,4,6,521.764,861.69,2.84
8,24,3,32,1024,10,4,5242880,20,4,6,519.479,865.48,2.84
8,24,3,32,1024,50,1,1048576,20,4,6,530.928,846.82,2.29
8,24,3,32,1024,50,1,5242880,20,4,6,529.619,848.91,2.29
8,24,3,32,1024,50,2,1048576,20,4,6,524.623,856.99,2.27
8,24,3,32,1024,50,2,5242880,20,4,6,522.507,860.46,2.27
8,24,3,32,1024,50,3,1048576,20,4,6,523.896,858.18,2.40
8,24,3,32,1024,50,3,5242880,20,4,6,516.394,870.65,2.40
8,24,3,32,1024,50,4,1048576,20,4,6,525.044,856.31,2.43
8,24,3,32,1024,50,4,5242880,20,4,6,518.050,867.87,2.43
8,24,3,32,1024,256,1,1048576,20,4,6,545.585,824.07,2.06
8,24,3,32,1024,256,1,5242880,20,4,6,541.859,829.73,2.06
8,24,3,32,1024,256,2,1048576,20,4,6,540.470,831.87,2.10
8,24,3,32,1024,256,2,5242880,20,4,6,535.585,839.45,2.10
8,24,3,32,1024,256,3,1048576,20,4,6,535.559,839.49,2.15
8,24,3,32,1024,256,3,5242880,20,4,6,542.023,829.48,2.15
8,24,3,32,1024,256,4,1048576,20,4,6,533.778,842.29,2.15
8,24,3,32,1024,256,4,5242880,20,4,6,541.008,831.04,2.15
8,24,3,96,256,10,1,1048576,20,4,6,153.053,2937.55,2.89
8,24,3,96,256,10,1,5242880,20,4,6,149.847,3000.40,2.89
8,24,3,96,256,10,2,1048576,20,4,6,151.162,2974.29,2.76
8,24,3,96,256,10,2,5242880,20,4,6,152.202,2953.97,2.76
8,24,3,96,256,10,3,1048576,20,4,6,151.633,2965.06,2.69
8,24,3,96,256,10,3,5242880,20,4,6,152.164,2954.71,2.69
8,24,3,96,256,10,4,1048576,20,4,6,151.150,2974.53,2.73
8,24,3,96,256,10,4,5242880,20,4,6,151.250,2972.56,2.73
8,24,3,96,256,50,1,1048576,20,4,6,153.537,2928.29,2.32
8,24,3,96,256,50,1,5242880,20,4,6,153.427,2930.39,2.32
8,24,3,96,256,50,2,1048576,20,4,6,156.927,2865.03,2.31
8,24,3,96,256,50,2,5242880,20,4,6,153.511,2928.78,2.31
8,24,3,96,256,50,3,1048576,20,4,6,152.857,2941.31,2.33
8,24,3,96,256,50,3,5242880,20,4,6,153.783,2923.60,2.33
8,24,3,96,256,50,4,1048576,20,4,6,153.590,2927.28,2.37
8,24,3,96,256,50,4,5242880,20,4,6,156.596,2871.08,2.37
8,24,3,96,256,256,1,1048576,20,4,6,164.990,2725.01,2.06
8,24,3,96,256,256,1,5242880,20,4,6,165.149,2722.39,2.06
8,24,3,96,256,256,2,1048576,20,4,6,165.834,2711.15,2.06
8,24,3,96,256,256,2,5242880,20,4,6,163.523,2749.46,2.06
8,24,3,96,256,256,3,1048576,20,4,6,164.308,2736.33,2.06
8,24,3,96,256,256,3,5242880,20,4,6,163.467,2750.40,2.06
8,24,3,96,256,256,4,1048576,20,4,6,162.425,2768.05,2.06
8,24,3,96,256,256,4,5242880,20,4,6,164.212,2737.93,2.06
8,24,3,96,1024,10,1,1048576,20,4,6,555.814,808.90,2.83
8,24,3,96,1024,10,1,5242880,20,4,6,560.789,801.72,2.83
8,24,3,96,1024,10,2,1048576,20,4,6,558.016,805.71,2.65
8,24,3,96,1024,10,2,5242880,20,4,6,554.453,810.89,2.65
8,24,3,96,1024,10,3,1048576,20,4,6,550.356,816.92,2.68
8,24,3,96,1024,10,3,5242880,20,4,6,551.210,815.66,2.68
8,24,3,96,1024,10,4,1048576,20,4,6,557.299,806.75,2.84
8,24,3,96,1024,10,4,5242880,20,4,6,558.582,804.89,2.84
8,24,3,96,1024,50,1,1048576,20,4,6,569.591,789.34,2.29
8,24,3,96,1024,50,1,5242880,20,4,6,566.289,793.94,2.29
8,24,3,96,1024,50,2,1048576,20,4,6,559.899,803.00,2.27
8,24,3,96,1024,50,2,5242880,20,4,6,557.641,806.25,2.27
8,24,3,96,1024,50,3,1048576,20,4,6,568.081,791.43,2.40
8,24,3,96,1024,50,3,5242880,20,4,6,559.428,803.67,2.40
8,24,3,96,1024,50,4,1048576,20,4,6,555.568,809.26,2.43
8,24,3,96,1024,50,4,5242880,20,4,6,559.777,803.17,2.43
8,24,3,96,1024,256,1,1048576,20,4,6,577.857,778.04,2.06
8,24,3,96,1024,256,1,5242880,20,4,6,575.902,780.69,2.06
8,24,3,96,1024,256,2,1048576,20,4,6,576.807,779.46,2.10
8,24,3,96,1024,256,2,5242880,20,4,6,570.679,787.83,2.10
8,24,3,96,1024,256,3,1048576,20,4,6,572.783,784.94,2.15
8,24,3,96,1024,256,3,5242880,20,4,6,574.797,782.19,2.15
8,24,3,96,1024,256,4,1048576,20,4,6,570.265,788.40,2.15
8,24,3,96,1024,256,4,5242880,20,4,6,568.853,790.36,2.15
8,24,5,32,256,10,1,1048576,20,4,6,203.760,2206.52,2.89
8,24,5,32,256,10,1,5242880,20,4,6,201.753,2228.47,2.89
8,24,5,32,256,10,2,1048576,20,4,6,204.436,2199.22,2.76
8,24,5,32,256,10,2,5242880,20,4,6,206.207,2180.33,2.76
8,24,5,32,256,10,3,1048576,20,4,6,202.626,2218.87,2.72
8,24,5,32,256,10,3,5242880,20,4,6,207.103,2170.90,2.72
8,24,5,32,256,10,4,1048576,20,4,6,203.715,2207.00,2.75
8,24,5,32,256,10,4,5242880,20,4,6,202.675,2218.33,2.75
8,24,5,32,256,50,1,1048576,20,4,6,205.485,2187.99,2.32
8,24,5,32,256,50,1,5242880,20,4,6,205.963,2182.92,2.32
8,24,5,32,256,50,2,1048576,20,4,6,210.613,2134.72,2.30
8,24,5,32,256,50,2,5242880,20,4,6,208.940,2151.81,2.30
8,24,5,32,256,50,3,1048576,20,4,6,208.137,2160.12,2.34
8,24,5,32,256,50,3,5242880,20,4,6,204.619,2197.25,2.34
8,24,5,32,256,50,4,1048576,20,4,6,208.252,2158.92,2.36
8,24,5,32,256,50,4,5242880,20,4,6,203.626,2207.97,2.36
8,24,5,32,256,256,1,1048576,20,4,6,219.203,2051.07,2.06
8,24,5,32,256,256,1,5242880,20,4,6,216.930,2072.56,2.06
8,24,5,32,256,256,2,1048576,20,4,6,220.027,2043.39,2.06
8,24,5,32,256,256,2,5242880,20,4,6,217.287,2069.15,2.06
8,24,5,32,256,256,3,1048576,20,4,6,213.555,2105.31,2.06
8,24,5,32,256,256,3,5242880,20,4,6,220.390,2040.02,2.06
8,24,5,32,256,256,4,1048576,20,4,6,218.084,2061.59,2.06
8,24,5,32,256,256,4,5242880,20,4,6,216.417,2077.47,2.06
8,24,5,32,1024,10,1,1048576,20,4,6,800.262,561.81,2.87
8,24,5,32,1024,10,1,5242880,20,4,6,799.146,562.60,2.87
8,24,5,32,1024,10,2,1048576,20,4,6,782.153,574.82,2.63
8,24,5,32,1024,10,2,5242880,20,4,6,794.711,565.74,2.63
8,24,5,32,1024,10,3,1048576,20,4,6,795.862,564.92,2.68
8,24,5,32,1024,10,3,5242880,20,4,6,794.791,565.68,2.68
8,24,5,32,1024,10,4,1048576,20,4,6,797.883,563.49,2.83
8,24,5,32,1024,10,4,5242880,20,4,6,788.788,569.98,2.83
8,24,5,32,1024,50,1,1048576,20,4,6,800.026,561.98,2.28
8,24,5,32,1024,50,1,5242880,20,4,6,801.439,560.99,2.28
8,24,5,32,1024,50,2,1048576,20,4,6,807.317,556.90,2.26
8,24,5,32,1024,50,2,5242880,20,4,6,805.120,558.42,2.26
8,24,5,32,1024,50,3,1048576,20,4,6,792.588,567.25,2.38
8,24,5,32,1024,50,3,5242880,20,4,6,798.217,563.25,2.38
8,24,5,32,1024,50,4,1048576,20,4,6,785.544,572.34,2.44
8,24,5,32,1024,50,4,5242880,20,4,6,788.314,570.33,2.44
8,24,5,32,1024,256,1,1048576,20,4,6,811.376,554.12,2.06
8,24,5,32,1024,256,1,5242880,20,4,6,816.120,550.90,2.06
8,24,5,32,1024,256,2,1048576,20,4,6,802.371,560.34,2.09
8,24,5,32,1024,256,2,5242880,20,4,6,799.980,562.01,2.09
8,24,5,32,1024,256,3,1048576,20,4,6,809.867,555.15,2.15
8,24,5,32,1024,256,3,5242880,20,4,6,812.273,553.50,2.15
8,24,5,32,1024,256,4,1048576,20,4,6,811.149,554.27,2.16
8,24,5,32,1024,256,4,5242880,20,4,6,804.800,558.64,2.16
8,24,5,96,256,10,1,1048576,20,4,6,218.828,2054.58,2.89
8,24,5,96,256,10,1,5242880,20,4,6,222.429,2021.32,2.89
8,24,5,96,256,10,2,1048576,20,4,6,219.232,2050.80,2.76
8,24,5,96,256,10,2,5242880,20,4,6,218.166,2060.82,2.76
8,24,5,96,256,10,3,1048576,20,4,6,217.623,2065.96,2.72
8,24,5,96,256,10,3,5242880,20,4,6,218.119,2061.26,2.72
8,24,5,96,256,10,4,1048576,20,4,6,218.280,2059.74,2.75
8,24,5,96,256,10,4,5242880,20,4,6,218.599,2056.73,2.75
8,24,5,96,256,50,1,1048576,20,4,6,222.359,2021.95,2.32
8,24,5,96,256,50,1,5242880,20,4,6,220.813,2036.11,2.32
8,24,5,96,256,50,2,1048576,20,4,6,219.589,2047.46,2.30
8,24,5,96,256,50,2,5242880,20,4,6,220.462,2039.35,2.30
8,24,5,96,256,50,3,1048576,20,4,6,221.678,2028.17,2.34
8,24,5,96,256,50,3,5242880,20,4,6,221.209,2032.47,2.34
8,24,5,96,256,50,4,1048576,20,4,6,223.008,2016.07,2.36
8,24,5,96,256,50,4,5242880,20,4,6,221.769,2027.33,2.36
8,24,5,96,256,256,1,1048576,20,4,6,229.064,1962.77,2.06
8,24,5,96,256,256,1,5242880,20,4,6,230.550,1950.12,2.06
8,24,5,96,256,256,2,1048576,20,4,6,229.179,1961.78,2.06
8,24,5,96,256,256,2,5242880,20,4,6,230.487,1950.65,2.06
8,24,5,96,256,256,3,1048576,20,4,6,230.829,1947.76,2.06
8,24,5,96,256,256,3,5242880,20,4,6,232.240,1935.93,2.06
8,24,5,96,256,256,4,1048576,20,4,6,227.412,1977.03,2.06
8,24,5,96,256,256,4,5242880,20,4,6,232.459,1934.10,2.06
8,24,5,96,1024,10,1,1048576,20,4,6,853.064,527.04,2.87
8,24,5,96,1024,10,1,5242880,20,4,6,850.315,528.74,2.87
8,24,5,96,1024,10,2,1048576,20,4,6,844.127,532.62,2.63
8,24,5,96,1024,10,2,5242880,20,4,6,848.997,529.56,2.63
8,24,5,96,1024,10,3,1048576,20,4,6,840.763,534.75,2.68
8,24,5,96,1024,10,3,5242880,20,4,6,840.239,535.08,2.68
8,24,5,96,1024,10,4,1048576,20,4,6,852.655,527.29,2.83
8,24,5,96,1024,10,4,5242880,20,4,6,846.218,531.30,2.83
8,24,5,96,1024,50,1,1048576,20,4,6,846.817,530.93,2.28
8,24,5,96,1024,50,1,5242880,20,4,6,856.138,525.15,2.28
8,24,5,96,1024,50,2,1048576,20,4,6,857.058,524.58,2.26
8,24,5,96,1024,50,2,5242880,20,4,6,850.953,528.34,2.26
8,24,5,96,1024,50,3,1048576,20,4,6,840.550,534.88,2.38
8,24,5,96,1024,50,3,5242880,20,4,6,847.042,530.78,2.38
8,24,5,96,1024,50,4,1048576,20,4,6,860.913,522.23,2.44
8,24,5,96,1024,50,4,5242880,20,4,6,851.927,527.74,2.44
8,24,5,96,1024,256,1,1048576,20,4,6,867.237,518.42,2.06
8,24,5,96,1024,256,1,5242880,20,4,6,860.306,522.60,2.06
8,24,5,96,1024,256,2,1048576,20,4,6,871.513,515.88,2.09
8,24,5,96,1024,256,2,5242880,20,4,6,867.079,518.52,2.09
8,24,5,96,1024,256,3,1048576,20,4,6,870.080,516.73,2.15
8,24,5,96,1024,256,3,5242880,20,4,6,867.995,517.97,2.15
8,24,5,96,1024,256,4,1048576,20,4,6,860.529,522.47,2.16
8,24,5,96,1024,256,4,5242880,20,4,6,864.317,520.18,2.16
16,8,1,32,256,10,1,1048576,20,4,6,60.211,7467.09,2.81
16,8,1,32,256,10,1,5242880,20,4,6,61.710,7285.70,2.81
16,8,1,32,256,10,2,1048576,20,4,6,61.324,7331.56,2.70
16,8,1,32,256,10,2,5242880,20,4,6,63.788,7048.36,2.70
16,8,1,32,256,10,3,1048576,20,4,6,63.708,7057.21,2.73
16,8,1,32,256,10,3,5242880,20,4,6,68.128,6599.35,2.73
16,8,1,32,256,10,4,1048576,20,4,6,63.018,7134.48,2.76
16,8,1,32,256,10,4,5242880,20,4,6,60.011,7491.97,2.76
16,8,1,32,256,50,1,1048576,20,4,6,73.312,6132.70,2.33
16,8,1,32,256,50,1,5242880,20,4,6,69.308,6487.00,2.33
16,8,1,32,256,50,2,1048576,20,4,6,68.599,6554.04,2.34
16,8,1,32,256,50,2,5242880,20,4,6,80.889,5558.24,2.34
16,8,1,32,256,50,3,1048576,20,4,6,63.664,7062.09,2.35
16,8,1,32,256,50,3,5242880,20,4,6,66.203,6791.24,2.35
16,8,1,32,256,50,4,1048576,20,4,6,62.899,7147.98,2.36
16,8,1,32,256,50,4,5242880,20,4,6,78.461,5730.24,2.36
16,8,1,32,256,256,1,1048576,20,4,6,69.590,6460.71,2.14
16,8,1,32,256,256,1,5242880,20,4,6,86.849,5176.81,2.14
16,8,1,32,256,256,2,1048576,20,4,6,88.552,5077.25,2.14
16,8,1,32,256,256,2,5242880,20,4,6,80.257,5602.01,2.14
16,8,1,32,256,256,3,1048576,20,4,6,68.494,6564.09,2.14
16,8,1,32,256,256,3,5242880,20,4,6,69.312,6486.62,2.14
16,8,1,32,256,256,4,1048576,20,4,6,73.810,6091.32,2.14
16,8,1,32,256,256,4,5242880,20,4,6,75.617,5945.76,2.14
16,8,1,32,1024,10,1,1048576,20,4,6,177.157,2537.86,2.86
16,8,1,32,1024,10,1,5242880,20,4,6,184.464,2437.33,2.86
16,8,1,32,1024,10,2,1048576,20,4,6,178.966,2512.21,2.76
16,8,1,32,1024,10,2,5242880,20,4,6,180.290,2493.76,2.76
16,8,1,32,1024,10,3,1048576,20,4,6,182.070,2469.38,2.80
16,8,1,32,1024,10,3,5242880,20,4,6,179.183,2509.17,2.80
16,8,1,32,1024,10,4,1048576,20,4,6,183.416,2451.26,2.92
16,8,1,32,1024,10,4,5242880,20,4,6,180.787,2486.91,2.92
16,8,1,32,1024,50,1,1048576,20,4,6,185.316,2426.13,2.34
16,8,1,32,1024,50,1,5242880,20,4,6,179.908,2499.06,2.34
16,8,1,32,1024,50,2,1048576,20,4,6,185.061,2429.47,2.39
16,8,1,32,1024,50,2,5242880,20,4,6,182.622,2461.92,2.39
16,8,1,32,1024,50,3,1048576,20,4,6,185.170,2428.04,2.43
16,8,1,32,1024,50,3,5242880,20,4,6,179.970,2498.19,2.43
16,8,1,32,1024,50,4,1048576,20,4,6,179.946,2498.53,2.48
16,8,1,32,1024,50,4,5242880,20,4,6,183.970,2443.88,2.48
16,8,1,32,1024,256,1,1048576,20,4,6,192.846,2331.39,2.21
16,8,1,32,1024,256,1,5242880,20,4,6,193.983,2317.73,2.21
16,8,1,32,1024,256,2,1048576,20,4,6,190.108,2364.97,2.23
16,8,1,32,1024,256,2,5242880,20,4,6,191.389,2349.14,2.23
16,8,1,32,1024,256,3,1048576,20,4,6,191.587,2346.71,2.24
16,8,1,32,1024,256,3,5242880,20,4,6,191.236,2351.02,2.24
16,8,1,32,1024,256,4,1048576,20,4,6,191.969,2342.05,2.25
16,8,1,32,1024,256,4,5242880,20,4,6,189.732,2369.66,2.25
16,8,1,96,256,10,1,1048576,20,4,6,63.218,7111.91,2.81
16,8,1,96,256,10,1,5242880,20,4,6,78.381,5736.09,2.81
16,8,1,96,256,10,2,1048576,20,4,6,78.997,5691.36,2.70
16,8,1,96,256,10,2,5242880,20,4,6,82.988,5417.66,2.70
16,8,1,96,256,10,3,1048576,20,4,6,64.267,6995.82,2.73
16,8,1,96,256,10,3,5242880,20,4,6,67.295,6681.04,2.73
16,8,1,96,256,10,4,1048576,20,4,6,81.219,5535.66,2.76
16,8,1,96,256,10,4,5242880,20,4,6,78.855,5701.61,2.76
16,8,1,96,256,50,1,1048576,20,4,6,84.410,5326.39,2.33
16,8,1,96,256,50,1,5242880,20,4,6,64.566,6963.43,2.33
16,8,1,96,256,50,2,1048576,20,4,6,80.369,5594.20,2.34
16,8,1,96,256,50,2,5242880,20,4,6,82.621,5441.72,2.34
16,8,1,96,256,50,3,1048576,20,4,6,80.922,5555.97,2.35
16,8,1,96,256,50,3,5242880,20,4,6,82.660,5439.16,2.35
16,8,1,96,256,50,4,1048576,20,4,6,81.410,5522.67,2.36
16,8,1,96,256,50,4,5242880,20,4,6,82.141,5473.52,2.36
16,8,1,96,256,256,1,1048576,20,4,6,68.891,6526.26,2.14
16,8,1,96,256,256,1,5242880,20,4,6,81.832,5494.19,2.14
16,8,1,96,256,256,2,1048576,20,4,6,71.449,6292.61,2.14
16,8,1,96,256,256,2,5242880,20,4,6,88.687,5069.52,2.14
16,8,1,96,256,256,3,1048576,20,4,6,82.600,5443.11,2.14
16,8,1,96,256,256,3,5242880,20,4,6,89.380,5030.21,2.14
16,8,1,96,256,256,4,1048576,20,4,6,86.087,5222.63,2.14
16,8,1,96,256,256,4,5242880,20,4,6,79.006,5690.71,2.14
16,8,1,96,1024,10,1,1048576,20,4,6,192.317,2337.81,2.86
16,8,1,96,1024,10,1,5242880,20,4,6,191.704,2345.28,2.86
16,8,1,96,1024,10,2,1048576,20,4,6,193.023,2329.26,2.76
16,8,1,96,1024,10,2,5242880,20,4,6,191.264,2350.68,2.76
16,8,1,96,1024,10,3,1048576,20,4,6,190.646,2358.30,2.80
16,8,1,96,1024,10,3,5242880,20,4,6,191.293,2350.32,2.80
16,8,1,96,1024,10,4,1048576,20,4,6,193.904,2318.67,2.92
16,8,1,96,1024,10,4,5242880,20,4,6,189.975,2366.63,2.92
16,8,1,96,1024,50,1,1048576,20,4,6,192.956,2330.07,2.34
16,8,1,96,1024,50,1,5242880,20,4,6,190.526,2359.78,2.34
16,8,1,96,1024,50,2,1048576,20,4,6,192.845,2331.41,2.39
16,8,1,96,1024,50,2,5242880,20,4,6,192.762,2332.41,2.39
16,8,1,96,1024,50,3,1048576,20,4,6,190.354,2361.92,2.43
16,8,1,96,1024,50,3,5242880,20,4,6,192.845,2331.41,2.43
16,8,1,96,1024,50,4,1048576,20,4,6,194.715,2309.02,2.48
16,8,1,96,1024,50,4,5242880,20,4,6,192.134,2340.03,2.48
16,8,1,96,1024,256,1,1048576,20,4,6,201.925,2226.57,2.21
16,8,1,96,1024,256,1,5242880,20,4,6,205.597,2186.80,2.21
16,8,1,96,1024,256,2,1048576,20,4,6,200.384,2243.69,2.23
16,8,1,96,1024,256,2,5242880,20,4,6,206.178,2180.64,2.23
16,8,1,96,1024,256,3,1048576,20,4,6,202.169,2223.88,2.24
16,8,1,96,1024,256,3,5242880,20,4,6,202.116,2224.47,2.24
16,8,1,96,1024,256,4,1048576,20,4,6,202.568,2219.50,2.25
16,8,1,96,1024,256,4,5242880,20,4,6,202.546,2219.74,2.25
16,8,3,32,256,10,1,1048576,20,4,6,92.539,4858.50,2.92
16,8,3,32,256,10,1,5242880,20,4,6,95.766,4694.78,2.92
16,8,3,32,256,10,2,1048576,20,4,6,92.779,4845.93,2.92
16,8,3,32,256,10,2,5242880,20,4,6,100.408,4477.74,2.92
16,8,3,32,256,10,3,1048576,20,4,6,104.465,4303.84,2.74
16,8,3,32,256,10,3,5242880,20,4,6,92.819,4843.84,2.74
16,8,3,32,256,10,4,1048576,20,4,6,92.246,4873.93,2.78
16,8,3,32,256,10,4,5242880,20,4,6,92.814,4844.10,2.78
16,8,3,32,256,50,1,1048576,20,4,6,104.195,4314.99,2.30
16,8,3,32,256,50,1,5242880,20,4,6,98.085,4583.78,2.30
16,8,3,32,256,50,2,1048576,20,4,6,94.943,4735.48,2.31
16,8,3,32,256,50,2,5242880,20,4,6,101.319,4437.47,2.31
16,8,3,32,256,50,3,1048576,20,4,6,106.620,4216.85,2.34
16,8,3,32,256,50,3,5242880,20,4,6,97.516,4610.53,2.34
16,8,3,32,256,50,4,1048576,20,4,6,100.535,4472.08,2.34
16,8,3,32,256,50,4,5242880,20,4,6,96.736,4647.71,2.34
16,8,3,32,256,256,1,1048576,20,4,6,114.336,3932.27,2.12
16,8,3,32,256,256,1,5242880,20,4,6,112.239,4005.74,2.12
16,8,3,32,256,256,2,1048576,20,4,6,111.699,4025.11,2.12
16,8,3,32,256,256,2,5242880,20,4,6,103.491,4344.34,2.12
16,8,3,32,256,256,3,1048576,20,4,6,108.721,4135.36,2.12
16,8,3,32,256,256,3,5242880,20,4,6,113.978,3944.62,2.12
16,8,3,32,256,256,4,1048576,20,4,6,114.195,3937.13,2.12
16,8,3,32,256,256,4,5242880,20,4,6,111.833,4020.28,2.12
16,8,3,32,1024,10,1,1048576,20,4,6,334.351,1344.69,2.96
16,8,3,32,1024,10,1,5242880,20,4,6,336.362,1336.65,2.96
16,8,3,32,1024,10,2,1048576,20,4,6,334.425,1344.40,2.91
16,8,3,32,1024,10,2,5242880,20,4,6,332.638,1351.62,2.91
16,8,3,32,1024,10,3,1048576,20,4,6,335.345,1340.71,2.76
16,8,3,32,1024,10,3,5242880,20,4,6,329.542,1364.32,2.76
16,8,3,32,1024,10,4,1048576,20,4,6,334.623,1343.60,2.80
16,8,3,32,1024,10,4,5242880,20,4,6,329.754,1363.44,2.80
16,8,3,32,1024,50,1,1048576,20,4,6,334.192,1345.33,2.34
16,8,3,32,1024,50,1,5242880,20,4,6,336.593,1335.74,2.34
16,8,3,32,1024,50,2,1048576,20,4,6,334.095,1345.72,2.37
16,8,3,32,1024,50,2,5242880,20,4,6,336.091,1337.73,2.37
16,8,3,32,1024,50,3,1048576,20,4,6,338.932,1326.52,2.44
16,8,3,32,1024,50,3,5242880,20,4,6,334.649,1343.50,2.44
16,8,3,32,1024,50,4,1048576,20,4,6,335.929,1338.38,2.47
16,8,3,32,1024,50,4,5242880,20,4,6,334.062,1345.86,2.47
16,8,3,32,1024,256,1,1048576,20,4,6,350.761,1281.78,2.15
16,8,3,32,1024,256,1,5242880,20,4,6,345.798,1300.18,2.15
16,8,3,32,1024,256,2,1048576,20,4,6,347.461,1293.96,2.17
16,8,3,32,1024,256,2,5242880,20,4,6,345.800,1300.17,2.17
16,8,3,32,1024,256,3,1048576,20,4,6,352.590,1275.13,2.20
16,8,3,32,1024,256,3,5242880,20,4,6,344.817,1303.88,2.20
16,8,3,32,1024,256,4,1048576,20,4,6,349.156,1287.67,2.20
16,8,3,32,1024,256,4,5242880,20,4,6,346.786,1296.47,2.20
16,8,3,96,256,10,1,1048576,20,4,6,99.538,4516.87,2.92
16,8,3,96,256,10,1,5242880,20,4,6,102.043,4405.99,2.92
16,8,3,96,256,10,2,1048576,20,4,6,98.777,4551.67,2.92
16,8,3,96,256,10,2,5242880,20,4,6,96.728,4648.09,2.92
16,8,3,96,256,10,3,1048576,20,4,6,99.531,4517.19,2.74
16,8,3,96,256,10,3,5242880,20,4,6,96.371,4665.31,2.74
16,8,3,96,256,10,4,1048576,20,4,6,104.212,4314.29,2.78
16,8,3,96,256,10,4,5242880,20,4,6,107.721,4173.75,2.78
16,8,3,96,256,50,1,1048576,20,4,6,98.776,4551.72,2.30
16,8,3,96,256,50,1,5242880,20,4,6,108.321,4150.63,2.30
16,8,3,96,256,50,2,1048576,20,4,6,109.314,4112.93,2.31
16,8,3,96,256,50,2,5242880,20,4,6,107.834,4169.38,2.31
16,8,3,96,256,50,3,1048576,20,4,6,99.273,4528.93,2.34
16,8,3,96,256,50,3,5242880,20,4,6,100.205,4486.81,2.34
16,8,3,96,256,50,4,1048576,20,4,6,108.379,4148.41,2.34
16,8,3,96,256,50,4,5242880,20,4,6,108.831,4131.18,2.34
16,8,3,96,256,256,1,1048576,20,4,6,117.959,3811.50,2.12
16,8,3,96,256,256,1,5242880,20,4,6,113.001,3978.73,2.12
16,8,3,96,256,256,2,1048576,20,4,6,115.005,3909.40,2.12
16,8,3,96,256,256,2,5242880,20,4,6,116.926,3845.17,2.12
16,8,3,96,256,256,3,1048576,20,4,6,116.462,3860.49,2.12
16,8,3,96,256,256,3,5242880,20,4,6,117.153,3837.72,2.12
16,8,3,96,256,256,4,1048576,20,4,6,114.919,3912.32,2.12
16,8,3,96,256,256,4,5242880,20,4,6,115.760,3883.90,2.12
16,8,3,96,1024,10,1,1048576,20,4,6,354.983,1266.54,2.96
16,8,3,96,1024,10,1,5242880,20,4,6,354.049,1269.88,2.96
16,8,3,96,1024,10,2,1048576,20,4,6,353.237,1272.80,2.91
16,8,3,96,1024,10,2,5242880,20,4,6,355.544,1264.54,2.91
16,8,3,96,1024,10,3,1048576,20,4,6,354.717,1267.49,2.76
16,8,3,96,1024,10,3,5242880,20,4,6,355.610,1264.30,2.76
16,8,3,96,1024,10,4,1048576,20,4,6,355.813,1263.58,2.80
16,8,3,96,1024,10,4,5242880,20,4,6,352.441,1275.67,2.80
16,8,3,96,1024,50,1,1048576,20,4,6,356.136,1262.44,2.34
16,8,3,96,1024,50,1,5242880,20,4,6,359.427,1250.88,2.34
16,8,3,96,1024,50,2,1048576,20,4,6,356.072,1262.66,2.37
16,8,3,96,1024,50,2,5242880,20,4,6,358.517,1254.05,2.37
16,8,3,96,1024,50,3,1048576,20,4,6,354.588,1267.95,2.44
16,8,3,96,1024,50,3,5242880,20,4,6,363.869,1235.61,2.44
16,8,3,96,1024,50,4,1048576,20,4,6,354.315,1268.93,2.47
16,8,3,96,1024,50,4,5242880,20,4,6,359.525,1250.54,2.47
16,8,3,96,1024,256,1,1048576,20,4,6,369.364,1217.23,2.15
16,8,3,96,1024,256,1,5242880,20,4,6,373.357,1204.21,2.15
16,8,3,96,1024,256,2,1048576,20,4,6,371.488,1210.27,2.17
16,8,3,96,1024,256,2,5242880,20,4,6,372.661,1206.46,2.17
16,8,3,96,1024,256,3,1048576,20,4,6,370.631,1213.06,2.20
16,8,3,96,1024,256,3,5242880,20,4,6,370.208,1214.45,2.20
16,8,3,96,1024,256,4,1048576,20,4,6,371.774,1209.33,2.20
16,8,3,96,1024,256,4,5242880,20,4,6,370.054,1214.96,2.20
16,8,5,32,256,10,1,1048576,20,4,6,128.289,3504.59,2.91
16,8,5,32,256,10,1,5242880,20,4,6,137.514,3269.49,2.91
16,8,5,32,256,10,2,1048576,20,4,6,135.223,3324.88,2.92
16,8,5,32,256,10,2,5242880,20,4,6,134.194,3350.38,2.92
16,8,5,32,256,10,3,1048576,20,4,6,129.696,3466.57,2.73
16,8,5,32,256,10,3,5242880,20,4,6,130.846,3436.10,2.73
16,8,5,32,256,10,4,1048576,20,4,6,131.225,3426.18,2.78
16,8,5,32,256,10,4,5242880,20,4,6,132.998,3380.50,2.78
16,8,5,32,256,50,1,1048576,20,4,6,129.800,3463.79,2.31
16,8,5,32,256,50,1,5242880,20,4,6,128.353,3502.84,2.31
16,8,5,32,256,50,2,1048576,20,4,6,137.746,3263.98,2.31
16,8,5,32,256,50,2,5242880,20,4,6,132.113,3403.15,2.31
16,8,5,32,256,50,3,1048576,20,4,6,132.025,3405.42,2.34
16,8,5,32,256,50,3,5242880,20,4,6,131.065,3430.36,2.34
16,8,5,32,256,50,4,1048576,20,4,6,140.157,3207.83,2.34
16,8,5,32,256,50,4,5242880,20,4,6,128.935,3487.03,2.34
16,8,5,32,256,256,1,1048576,20,4,6,149.844,3000.46,2.12
16,8,5,32,256,256,1,5242880,20,4,6,144.015,3121.90,2.12
16,8,5,32,256,256,2,1048576,20,4,6,146.381,3071.44,2.12
16,8,5,32,256,256,2,5242880,20,4,6,142.093,3164.13,2.12
16,8,5,32,256,256,3,1048576,20,4,6,137.703,3265.00,2.12
16,8,5,32,256,256,3,5242880,20,4,6,139.936,3212.90,2.12
16,8,5,32,256,256,4,1048576,20,4,6,146.028,3078.86,2.12
16,8,5,32,256,256,4,5242880,20,4,6,142.623,3152.37,2.12
16,8,5,32,1024,10,1,1048576,20,4,6,491.156,915.39,2.95
16,8,5,32,1024,10,1,5242880,20,4,6,484.050,928.83,2.95
16,8,5,32,1024,10,2,1048576,20,4,6,478.674,939.26,2.87
16,8,5,32,1024,10,2,5242880,20,4,6,481.926,932.92,2.87
16,8,5,32,1024,10,3,1048576,20,4,6,486.956,923.28,2.77
16,8,5,32,1024,10,3,5242880,20,4,6,484.039,928.85,2.77
16,8,5,32,1024,10,4,1048576,20,4,6,477.417,941.73,2.81
16,8,5,32,1024,10,4,5242880,20,4,6,484.676,927.63,2.81
16,8,5,32,1024,50,1,1048576,20,4,6,491.122,915.45,2.34
16,8,5,32,1024,50,1,5242880,20,4,6,486.700,923.77,2.34
16,8,5,32,1024,50,2,1048576,20,4,6,484.640,927.70,2.36
16,8,5,32,1024,50,2,5242880,20,4,6,484.807,927.38,2.36
16,8,5,32,1024,50,3,1048576,20,4,6,489.679,918.15,2.44
16,8,5,32,1024,50,3,5242880,20,4,6,478.427,939.74,2.44
16,8,5,32,1024,50,4,1048576,20,4,6,486.794,923.59,2.48
16,8,5,32,1024,50,4,5242880,20,4,6,484.627,927.72,2.48
16,8,5,32,1024,256,1,1048576,20,4,6,499.812,899.54,2.15
16,8,5,32,1024,256,1,5242880,20,4,6,498.306,902.25,2.15
16,8,5,32,1024,256,2,1048576,20,4,6,498.218,902.41,2.17
16,8,5,32,1024,256,2,5242880,20,4,6,502.869,894.07,2.17
16,8,5,32,1024,256,3,1048576,20,4,6,498.790,901.38,2.19
16,8,5,32,1024,256,3,5242880,20,4,6,491.695,914.39,2.19
16,8,5,32,1024,256,4,1048576,20,4,6,498.755,901.44,2.21
16,8,5,32,1024,256,4,5242880,20,4,6,502.808,894.18,2.21
16,8,5,96,256,10,1,1048576,20,4,6,143.082,3142.26,2.91
16,8,5,96,256,10,1,5242880,20,4,6,136.930,3283.43,2.91
16,8,5,96,256,10,2,1048576,20,4,6,142.760,3149.34,2.92
16,8,5,96,256,10,2,5242880,20,4,6,142.593,3153.03,2.92
16,8,5,96,256,10,3,1048576,20,4,6,143.755,3127.55,2.73
16,8,5,96,256,10,3,5242880,20,4,6,143.247,3138.64,2.73
16,8,5,96,256,10,4,1048576,20,4,6,134.584,3340.67,2.78
16,8,5,96,256,10,4,5242880,20,4,6,141.207,3183.98,2.78
16,8,5,96,256,50,1,1048576,20,4,6,145.496,3090.12,2.31
16,8,5,96,256,50,1,5242880,20,4,6,146.253,3074.13,2.31
16,8,5,96,256,50,2,1048576,20,4,6,145.625,3087.38,2.31
16,8,5,96,256,50,2,5242880,20,4,6,143.593,3131.07,2.31
16,8,5,96,256,50,3,1048576,20,4,6,143.741,3127.85,2.34
16,8,5,96,256,50,3,5242880,20,4,6,146.004,3079.37,2.34
16,8,5,96,256,50,4,1048576,20,4,6,146.970,3059.13,2.34
16,8,5,96,256,50,4,5242880,20,4,6,145.114,3098.26,2.34
16,8,5,96,256,256,1,1048576,20,4,6,151.818,2961.44,2.12
16,8,5,96,256,256,1,5242880,20,4,6,149.470,3007.96,2.12
16,8,5,96,256,256,2,1048576,20,4,6,153.635,2926.42,2.12
16,8,5,96,256,256,2,5242880,20,4,6,154.254,2914.67,2.12
16,8,5,96,256,256,3,1048576,20,4,6,153.339,2932.07,2.12
16,8,5,96,256,256,3,5242880,20,4,6,152.933,2939.85,2.12
16,8,5,96,256,256,4,1048576,20,4,6,156.011,2881.85,2.12
16,8,5,96,256,256,4,5242880,20,4,6,152.382,2950.48,2.12
16,8,5,96,1024,10,1,1048576,20,4,6,520.290,864.13,2.95
16,8,5,96,1024,10,1,5242880,20,4,6,516.746,870.06,2.95
16,8,5,96,1024,10,2,1048576,20,4,6,516.582,870.33,2.87
16,8,5,96,1024,10,2,5242880,20,4,6,515.909,871.47,2.87
16,8,5,96,1024,10,3,1048576,20,4,6,517.831,868.23,2.77
16,8,5,96,1024,10,3,5242880,20,4,6,517.019,869.60,2.77
16,8,5,96,1024,10,4,1048576,20,4,6,513.257,875.97,2.81
16,8,5,96,1024,10,4,5242880,20,4,6,521.249,862.54,2.81
16,8,5,96,1024,50,1,1048576,20,4,6,515.462,872.22,2.34
16,8,5,96,1024,50,1,5242880,20,4,6,516.642,870.23,2.34
16,8,5,96,1024,50,2,1048576,20,4,6,517.890,868.13,2.36
16,8,5,96,1024,50,2,5242880,20,4,6,518.599,866.95,2.36
16,8,5,96,1024,50,3,1048576,20,4,6,520.905,863.11,2.44
16,8,5,96,1024,50,3,5242880,20,4,6,520.537,863.72,2.44
16,8,5,96,1024,50,4,1048576,20,4,6,521.698,861.80,2.48
16,8,5,96,1024,50,4,5242880,20,4,6,519.118,866.08,2.48
16,8,5,96,1024,256,1,1048576,20,4,6,532.823,843.80,2.15
16,8,5,96,1024,256,1,5242880,20,4,6,530.731,847.13,2.15
16,8,5,96,1024,256,2,1048576,20,4,6,528.115,851.33,2.17
16,8,5,96,1024,256,2,5242880,20,4,6,528.177,851.23,2.17
16,8,5,96,1024,256,3,1048576,20,4,6,527.797,851.84,2.19
16,8,5,96,1024,256,3,5242880,20,4,6,531.586,845.77,2.19
16,8,5,96,1024,256,4,1048576,20,4,6,533.241,843.14,2.21
16,8,5,96,1024,256,4,5242880,20,4,6,529.406,849.25,2.21
16,24,1,32,256,10,1,1048576,20,4,6,83.755,5368.04,2.76
16,24,1,32,256,10,1,5242880,20,4,6,95.770,4694.59,2.76
16,24,1,32,256,10,2,1048576,20,4,6,77.373,5810.82,2.73
16,24,1,32,256,10,2,5242880,20,4,6,93.352,4816.19,2.73
16,24,1,32,256,10,3,1048576,20,4,6,77.265,5818.94,2.65
16,24,1,32,256,10,3,5242880,20,4,6,77.982,5765.44,2.65
16,24,1,32,256,10,4,1048576,20,4,6,75.222,5976.98,2.68
16,24,1,32,256,10,4,5242880,20,4,6,74.755,6014.32,2.68
16,24,1,32,256,50,1,1048576,20,4,6,77.667,5788.82,2.30
16,24,1,32,256,50,1,5242880,20,4,6,97.214,4624.85,2.30
16,24,1,32,256,50,2,1048576,20,4,6,98.034,4586.17,2.31
16,24,1,32,256,50,2,5242880,20,4,6,78.264,5744.67,2.31
16,24,1,32,256,50,3,1048576,20,4,6,97.040,4633.15,2.36
16,24,1,32,256,50,3,5242880,20,4,6,77.105,5831.02,2.36
16,24,1,32,256,50,4,1048576,20,4,6,75.694,5939.71,2.40
16,24,1,32,256,50,4,5242880,20,4,6,82.870,5425.37,2.40
16,24,1,32,256,256,1,1048576,20,4,6,93.429,4812.22,2.10
16,24,1,32,256,256,1,5242880,20,4,6,98.740,4553.38,2.10
16,24,1,32,256,256,2,1048576,20,4,6,100.273,4483.76,2.10
16,24,1,32,256,256,2,5242880,20,4,6,91.925,4890.95,2.10
16,24,1,32,256,256,3,1048576,20,4,6,92.013,4886.27,2.10
16,24,1,32,256,256,3,5242880,20,4,6,85.953,5230.77,2.10
16,24,1,32,256,256,4,1048576,20,4,6,87.225,5154.49,2.10
16,24,1,32,256,256,4,5242880,20,4,6,86.243,5213.18,2.10
16,24,1,32,1024,10,1,1048576,20,4,6,255.793,1757.67,2.75
16,24,1,32,1024,10,1,5242880,20,4,6,257.995,1742.67,2.75
16,24,1,32,1024,10,2,1048576,20,4,6,257.444,1746.40,2.66
16,24,1,32,1024,10,2,5242880,20,4,6,257.199,1748.06,2.66
16,24,1,32,1024,10,3,1048576,20,4,6,254.663,1765.47,2.73
16,24,1,32,1024,10,3,5242880,20,4,6,257.390,1746.76,2.73
16,24,1,32,1024,10,4,1048576,20,4,6,254.120,1769.24,2.78
16,24,1,32,1024,10,4,5242880,20,4,6,257.465,1746.26,2.78
16,24,1,32,1024,50,1,1048576,20,4,6,262.049,1715.71,2.32
16,24,1,32,1024,50,1,5242880,20,4,6,261.308,1720.57,2.32
16,24,1,32,1024,50,2,1048576,20,4,6,259.749,1730.90,2.36
16,24,1,32,1024,50,2,5242880,20,4,6,256.424,1753.34,2.36
16,24,1,32,1024,50,3,1048576,20,4,6,257.712,1744.58,2.38
16,24,1,32,1024,50,3,5242880,20,4,6,261.354,1720.27,2.38
16,24,1,32,1024,50,4,1048576,20,4,6,255.549,1759.35,2.45
16,24,1,32,1024,50,4,5242880,20,4,6,258.864,1736.82,2.45
16,24,1,32,1024,256,1,1048576,20,4,6,271.979,1653.07,2.16
16,24,1,32,1024,256,1,5242880,20,4,6,275.114,1634.23,2.16
16,24,1,32,1024,256,2,1048576,20,4,6,270.661,1661.12,2.20
16,24,1,32,1024,256,2,5242880,20,4,6,270.363,1662.95,2.20
16,24,1,32,1024,256,3,1048576,20,4,6,270.016,1665.09,2.23
16,24,1,32,1024,256,3,5242880,20,4,6,268.589,1673.93,2.23
16,24,1,32,1024,256,4,1048576,20,4,6,270.790,1660.33,2.25
16,24,1,32,1024,256,4,5242880,20,4,6,268.063,1677.22,2.25
16,24,1,96,256,10,1,1048576,20,4,6,80.084,5614.11,2.76
16,24,1,96,256,10,1,5242880,20,4,6,91.266,4926.27,2.76
16,24,1,96,256,10,2,1048576,20,4,6,89.374,5030.55,2.73
16,24,1,96,256,10,2,5242880,20,4,6,80.562,5580.80,2.73
16,24,1,96,256,10,3,1048576,20,4,6,93.951,4785.48,2.65
16,24,1,96,256,10,3,5242880,20,4,6,95.856,4690.37,2.65
16,24,1,96,256,10,4,1048576,20,4,6,81.478,5518.06,2.68
16,24,1,96,256,10,4,5242880,20,4,6,93.064,4831.09,2.68
16,24,1,96,256,50,1,1048576,20,4,6,94.865,4739.37,2.30
16,24,1,96,256,50,1,5242880,20,4,6,96.057,4680.56,2.30
16,24,1,96,256,50,2,1048576,20,4,6,93.183,4824.92,2.31
16,24,1,96,256,50,2,5242880,20,4,6,81.687,5503.94,2.31
16,24,1,96,256,50,3,1048576,20,4,6,95.569,4704.46,2.36
16,24,1,96,256,50,3,5242880,20,4,6,93.880,4789.10,2.36
16,24,1,96,256,50,4,1048576,20,4,6,94.922,4736.53,2.40
16,24,1,96,256,50,4,5242880,20,4,6,96.351,4666.28,2.40
16,24,1,96,256,256,1,1048576,20,4,6,99.729,4508.22,2.10
16,24,1,96,256,256,1,5242880,20,4,6,99.800,4505.02,2.10
16,24,1,96,256,256,2,1048576,20,4,6,97.651,4604.16,2.10
16,24,1,96,256,256,2,5242880,20,4,6,99.945,4498.48,2.10
16,24,1,96,256,256,3,1048576,20,4,6,103.358,4349.93,2.10
16,24,1,96,256,256,3,5242880,20,4,6,101.547,4427.51,2.10
16,24,1,96,256,256,4,1048576,20,4,6,91.327,4922.98,2.10
16,24,1,96,256,256,4,5242880,20,4,6,89.451,5026.22,2.10
16,24,1,96,1024,10,1,1048576,20,4,6,276.783,1624.38,2.75
16,24,1,96,1024,10,1,5242880,20,4,6,275.035,1634.70,2.75
16,24,1,96,1024,10,2,1048576,20,4,6,276.388,1626.70,2.66
16,24,1,96,1024,10,2,5242880,20,4,6,273.169,1645.87,2.66
16,24,1,96,1024,10,3,1048576,20,4,6,271.016,1658.94,2.73
16,24,1,96,1024,10,3,5242880,20,4,6,272.027,1652.78,2.73
16,24,1,96,1024,10,4,1048576,20,4,6,275.062,1634.54,2.78
16,24,1,96,1024,10,4,5242880,20,4,6,273.276,1645.22,2.78
16,24,1,96,1024,50,1,1048576,20,4,6,278.789,1612.69,2.32
16,24,1,96,1024,50,1,5242880,20,4,6,275.478,1632.07,2.32
16,24,1,96,1024,50,2,1048576,20,4,6,274.857,1635.76,2.36
16,24,1,96,1024,50,2,5242880,20,4,6,276.398,1626.64,2.36
16,24,1,96,1024,50,3,1048576,20,4,6,276.195,1627.83,2.38
16,24,1,96,1024,50,3,5242880,20,4,6,273.717,1642.57,2.38
16,24,1,96,1024,50,4,1048576,20,4,6,273.817,1641.97,2.45
16,24,1,96,1024,50,4,5242880,20,4,6,278.158,1616.35,2.45
16,24,1,96,1024,256,1,1048576,20,4,6,292.936,1534.80,2.16
16,24,1,96,1024,256,1,5242880,20,4,6,291.838,1540.58,2.16
16,24,1,96,1024,256,2,1048576,20,4,6,288.263,1559.69,2.20
16,24,1,96,1024,256,2,5242880,20,4,6,288.987,1555.78,2.20
16,24,1,96,1024,256,3,1048576,20,4,6,289.005,1555.68,2.23
16,24,1,96,1024,256,3,5242880,20,4,6,290.483,1547.77,2.23
16,24,1,96,1024,256,4,1048576,20,4,6,288.603,1557.85,2.25
16,24,1,96,1024,256,4,5242880,20,4,6,285.283,1575.98,2.25
16,24,3,32,256,10,1,1048576,20,4,6,147.899,3039.91,2.81
16,24,3,32,256,10,1,5242880,20,4,6,149.028,3016.88,2.81
16,24,3,32,256,10,2,1048576,20,4,6,144.068,3120.75,2.74
16,24,3,32,256,10,2,5242880,20,4,6,149.406,3009.25,2.74
16,24,3,32,256,10,3,1048576,20,4,6,148.290,3031.90,2.74
16,24,3,32,256,10,3,5242880,20,4,6,150.218,2992.99,2.74
16,24,3,32,256,10,4,1048576,20,4,6,144.610,3109.05,2.75
16,24,3,32,256,10,4,5242880,20,4,6,142.684,3151.02,2.75
16,24,3,32,256,50,1,1048576,20,4,6,152.095,2956.05,2.27
16,24,3,32,256,50,1,5242880,20,4,6,151.684,2964.06,2.27
16,24,3,32,256,50,2,1048576,20,4,6,147.832,3041.29,2.24
16,24,3,32,256,50,2,5242880,20,4,6,152.703,2944.28,2.24
16,24,3,32,256,50,3,1048576,20,4,6,153.489,2929.20,2.26
16,24,3,32,256,50,3,5242880,20,4,6,150.841,2980.62,2.26
16,24,3,32,256,50,4,1048576,20,4,6,150.582,2985.75,2.29
16,24,3,32,256,50,4,5242880,20,4,6,154.559,2908.92,2.29
16,24,3,32,256,256,1,1048576,20,4,6,162.977,2758.67,2.05
16,24,3,32,256,256,1,5242880,20,4,6,160.689,2797.95,2.05
16,24,3,32,256,256,2,1048576,20,4,6,156.809,2867.18,2.05
16,24,3,32,256,256,2,5242880,20,4,6,162.263,2770.81,2.05
16,24,3,32,256,256,3,1048576,20,4,6,157.176,2860.49,2.05
16,24,3,32,256,256,3,5242880,20,4,6,158.270,2840.72,2.05
16,24,3,32,256,256,4,1048576,20,4,6,155.474,2891.80,2.05
16,24,3,32,256,256,4,5242880,20,4,6,159.408,2820.44,2.05
16,24,3,32,1024,10,1,1048576,20,4,6,547.286,821.51,2.87
16,24,3,32,1024,10,1,5242880,20,4,6,541.740,829.92,2.87
16,24,3,32,1024,10,2,1048576,20,4,6,539.710,833.04,2.69
16,24,3,32,1024,10,2,5242880,20,4,6,542.052,829.44,2.69
16,24,3,32,1024,10,3,1048576,20,4,6,540.194,832.29,2.71
16,24,3,32,1024,10,3,5242880,20,4,6,541.090,830.91,2.71
16,24,3,32,1024,10,4,1048576,20,4,6,538.971,834.18,2.71
16,24,3,32,1024,10,4,5242880,20,4,6,538.601,834.75,2.71
16,24,3,32,1024,50,1,1048576,20,4,6,548.693,819.40,2.31
16,24,3,32,1024,50,1,5242880,20,4,6,550.099,817.30,2.31
16,24,3,32,1024,50,2,1048576,20,4,6,547.269,821.53,2.29
16,24,3,32,1024,50,2,5242880,20,4,6,540.741,831.45,2.29
16,24,3,32,1024,50,3,1048576,20,4,6,545.466,824.25,2.31
16,24,3,32,1024,50,3,5242880,20,4,6,547.289,821.50,2.31
16,24,3,32,1024,50,4,1048576,20,4,6,545.324,824.46,2.42
16,24,3,32,1024,50,4,5242880,20,4,6,549.136,818.74,2.42
16,24,3,32,1024,256,1,1048576,20,4,6,562.968,798.62,2.05
16,24,3,32,1024,256,1,5242880,20,4,6,565.273,795.36,2.05
16,24,3,32,1024,256,2,1048576,20,4,6,557.404,806.59,2.09
16,24,3,32,1024,256,2,5242880,20,4,6,562.699,799.00,2.09
16,24,3,32,1024,256,3,1048576,20,4,6,558.302,805.30,2.14
16,24,3,32,1024,256,3,5242880,20,4,6,555.672,809.11,2.14
16,24,3,32,1024,256,4,1048576,20,4,6,560.878,801.60,2.15
16,24,3,32,1024,256,4,5242880,20,4,6,555.194,809.80,2.15
16,24,3,96,256,10,1,1048576,20,4,6,155.921,2883.51,2.81
16,24,3,96,256,10,1,5242880,20,4,6,156.834,2866.73,2.81
16,24,3,96,256,10,2,1048576,20,4,6,151.830,2961.21,2.74
16,24,3,96,256,10,2,5242880,20,4,6,155.884,2884.20,2.74
16,24,3,96,256,10,3,1048576,20,4,6,154.880,2902.89,2.74
16,24,3,96,256,10,3,5242880,20,4,6,156.119,2879.86,2.74
16,24,3,96,256,10,4,1048576,20,4,6,155.542,2890.54,2.75
16,24,3,96,256,10,4,5242880,20,4,6,156.832,2866.76,2.75
16,24,3,96,256,50,1,1048576,20,4,6,158.295,2840.27,2.27
16,24,3,96,256,50,1,5242880,20,4,6,158.151,2842.85,2.27
16,24,3,96,256,50,2,1048576,20,4,6,158.924,2829.03,2.24
16,24,3,96,256,50,2,5242880,20,4,6,157.107,2861.75,2.24
16,24,3,96,256,50,3,1048576,20,4,6,158.277,2840.59,2.26
16,24,3,96,256,50,3,5242880,20,4,6,157.141,2861.13,2.26
16,24,3,96,256,50,4,1048576,20,4,6,160.618,2799.19,2.29
16,24,3,96,256,50,4,5242880,20,4,6,161.227,2788.62,2.29
16,24,3,96,256,256,1,1048576,20,4,6,167.548,2683.41,2.05
16,24,3,96,256,256,1,5242880,20,4,6,168.163,2673.60,2.05
16,24,3,96,256,256,2,1048576,20,4,6,169.031,2659.87,2.05
16,24,3,96,256,256,2,5242880,20,4,6,167.850,2678.58,2.05
16,24,3,96,256,256,3,1048576,20,4,6,162.982,2758.59,2.05
16,24,3,96,256,256,3,5242880,20,4,6,171.091,2627.84,2.05
16,24,3,96,256,256,4,1048576,20,4,6,166.394,2702.02,2.05
16,24,3,96,256,256,4,5242880,20,4,6,171.101,2627.69,2.05
16,24,3,96,1024,10,1,1048576,20,4,6,581.058,773.76,2.87
16,24,3,96,1024,10,1,5242880,20,4,6,583.110,771.03,2.87
16,24,3,96,1024,10,2,1048576,20,4,6,580.530,774.46,2.69
16,24,3,96,1024,10,2,5242880,20,4,6,574.791,782.19,2.69
16,24,3,96,1024,10,3,1048576,20,4,6,574.632,782.41,2.71
16,24,3,96,1024,10,3,5242880,20,4,6,576.884,779.36,2.71
16,24,3,96,1024,10,4,1048576,20,4,6,574.918,782.02,2.71
16,24,3,96,1024,10,4,5242880,20,4,6,575.853,780.75,2.71
16,24,3,96,1024,50,1,1048576,20,4,6,581.546,773.11,2.31
16,24,3,96,1024,50,1,5242880,20,4,6,579.871,775.34,2.31
16,24,3,96,1024,50,2,1048576,20,4,6,585.545,767.83,2.29
16,24,3,96,1024,50,2,5242880,20,4,6,582.984,771.20,2.29
16,24,3,96,1024,50,3,1048576,20,4,6,576.449,779.94,2.31
16,24,3,96,1024,50,3,5242880,20,4,6,577.927,777.95,2.31
16,24,3,96,1024,50,4,1048576,20,4,6,576.860,779.39,2.42
16,24,3,96,1024,50,4,5242880,20,4,6,585.992,767.24,2.42
16,24,3,96,1024,256,1,1048576,20,4,6,593.678,757.31,2.05
16,24,3,96,1024,256,1,5242880,20,4,6,594.444,756.33,2.05
16,24,3,96,1024,256,2,1048576,20,4,6,597.030,753.06,2.09
16,24,3,96,1024,256,2,5242880,20,4,6,594.290,756.53,2.09
16,24,3,96,1024,256,3,1048576,20,4,6,595.794,754.62,2.14
16,24,3,96,1024,256,3,5242880,20,4,6,597.417,752.57,2.14
16,24,3,96,1024,256,4,1048576,20,4,6,595.208,755.36,2.15
16,24,3,96,1024,256,4,5242880,20,4,6,600.866,748.25,2.15
16,24,5,32,256,10,1,1048576,20,4,6,208.679,2154.51,2.73
16,24,5,32,256,10,1,5242880,20,4,6,212.514,2115.63,2.73
16,24,5,32,256,10,2,1048576,20,4,6,209.378,2147.31,2.66
16,24,5,32,256,10,2,5242880,20,4,6,209.488,2146.18,2.66
16,24,5,32,256,10,3,1048576,20,4,6,210.068,2140.26,2.65
16,24,5,32,256,10,3,5242880,20,4,6,210.602,2134.83,2.65
16,24,5,32,256,10,4,1048576,20,4,6,209.421,2146.87,2.70
16,24,5,32,256,10,4,5242880,20,4,6,206.030,2182.21,2.70
16,24,5,32,256,50,1,1048576,20,4,6,213.111,2109.70,2.27
16,24,5,32,256,50,1,5242880,20,4,6,215.504,2086.27,2.27
16,24,5,32,256,50,2,1048576,20,4,6,211.271,2128.07,2.24
16,24,5,32,256,50,2,5242880,20,4,6,211.797,2122.79,2.24
16,24,5,32,256,50,3,1048576,20,4,6,208.768,2153.59,2.26
16,24,5,32,256,50,3,5242880,20,4,6,214.097,2099.98,2.26
16,24,5,32,256,50,4,1048576,20,4,6,213.105,2109.76,2.31
16,24,5,32,256,50,4,5242880,20,4,6,212.227,2118.49,2.31
16,24,5,32,256,256,1,1048576,20,4,6,222.799,2017.96,2.05
16,24,5,32,256,256,1,5242880,20,4,6,221.020,2034.20,2.05
16,24,5,32,256,256,2,1048576,20,4,6,224.085,2006.38,2.05
16,24,5,32,256,256,2,5242880,20,4,6,221.475,2030.03,2.05
16,24,5,32,256,256,3,1048576,20,4,6,223.533,2011.34,2.05
16,24,5,32,256,256,3,5242880,20,4,6,223.121,2015.05,2.05
16,24,5,32,256,256,4,1048576,20,4,6,221.222,2032.35,2.05
16,24,5,32,256,256,4,5242880,20,4,6,221.321,2031.44,2.05
16,24,5,32,1024,10,1,1048576,20,4,6,822.567,546.58,2.83
16,24,5,32,1024,10,1,5242880,20,4,6,812.626,553.26,2.83
16,24,5,32,1024,10,2,1048576,20,4,6,812.043,553.66,2.74
16,24,5,32,1024,10,2,5242880,20,4,6,808.851,555.85,2.74
16,24,5,32,1024,10,3,1048576,20,4,6,805.968,557.83,2.69
16,24,5,32,1024,10,3,5242880,20,4,6,807.176,557.00,2.69
16,24,5,32,1024,10,4,1048576,20,4,6,810.220,554.91,2.76
16,24,5,32,1024,10,4,5242880,20,4,6,814.856,551.75,2.76
16,24,5,32,1024,50,1,1048576,20,4,6,813.029,552.99,2.30
16,24,5,32,1024,50,1,5242880,20,4,6,814.962,551.68,2.30
16,24,5,32,1024,50,2,1048576,20,4,6,810.402,554.78,2.29
16,24,5,32,1024,50,2,5242880,20,4,6,817.546,549.93,2.29
16,24,5,32,1024,50,3,1048576,20,4,6,811.316,554.16,2.30
16,24,5,32,1024,50,3,5242880,20,4,6,806.307,557.60,2.30
16,24,5,32,1024,50,4,1048576,20,4,6,810.555,554.68,2.42
16,24,5,32,1024,50,4,5242880,20,4,6,816.437,550.68,2.42
16,24,5,32,1024,256,1,1048576,20,4,6,824.580,545.24,2.04
16,24,5,32,1024,256,1,5242880,20,4,6,838.781,536.01,2.04
16,24,5,32,1024,256,2,1048576,20,4,6,838.809,535.99,2.08
16,24,5,32,1024,256,2,5242880,20,4,6,832.256,540.21,2.08
16,24,5,32,1024,256,3,1048576,20,4,6,832.926,539.78,2.13
16,24,5,32,1024,256,3,5242880,20,4,6,819.568,548.58,2.13
16,24,5,32,1024,256,4,1048576,20,4,6,830.710,541.22,2.15
16,24,5,32,1024,256,4,5242880,20,4,6,822.337,546.73,2.15
16,24,5,96,256,10,1,1048576,20,4,6,224.608,2001.71,2.73
16,24,5,96,256,10,1,5242880,20,4,6,221.667,2028.27,2.73
16,24,5,96,256,10,2,1048576,20,4,6,221.309,2031.55,2.66
16,24,5,96,256,10,2,5242880,20,4,6,220.705,2037.11,2.66
16,24,5,96,256,10,3,1048576,20,4,6,224.784,2000.14,2.65
16,24,5,96,256,10,3,5242880,20,4,6,220.432,2039.63,2.65
16,24,5,96,256,10,4,1048576,20,4,6,224.403,2003.54,2.70
16,24,5,96,256,10,4,5242880,20,4,6,221.781,2027.22,2.70
16,24,5,96,256,50,1,1048576,20,4,6,225.907,1990.20,2.27
16,24,5,96,256,50,1,5242880,20,4,6,227.146,1979.34,2.27
16,24,5,96,256,50,2,1048576,20,4,6,224.541,2002.31,2.24
16,24,5,96,256,50,2,5242880,20,4,6,226.663,1983.56,2.24
16,24,5,96,256,50,3,1048576,20,4,6,226.825,1982.14,2.26
16,24,5,96,256,50,3,5242880,20,4,6,226.944,1981.10,2.26
16,24,5,96,256,50,4,1048576,20,4,6,224.191,2005.43,2.31
16,24,5,96,256,50,4,5242880,20,4,6,223.965,2007.46,2.31
16,24,5,96,256,256,1,1048576,20,4,6,236.087,1904.38,2.05
16,24,5,96,256,256,1,5242880,20,4,6,235.963,1905.38,2.05
16,24,5,96,256,256,2,1048576,20,4,6,237.767,1890.93,2.05
16,24,5,96,256,256,2,5242880,20,4,6,237.430,1893.61,2.05
16,24,5,96,256,256,3,1048576,20,4,6,237.017,1896.91,2.05
16,24,5,96,256,256,3,5242880,20,4,6,236.022,1904.91,2.05
16,24,5,96,256,256,4,1048576,20,4,6,235.396,1909.97,2.05
16,24,5,96,256,256,4,5242880,20,4,6,234.901,1914.00,2.05
16,24,5,96,1024,10,1,1048576,20,4,6,876.607,512.88,2.83
16,24,5,96,1024,10,1,5242880,20,4,6,877.439,512.40,2.83
16,24,5,96,1024,10,2,1048576,20,4,6,861.130,522.10,2.74
16,24,5,96,1024,10,2,5242880,20,4,6,869.226,517.24,2.74
16,24,5,96,1024,10,3,1048576,20,4,6,874.098,514.35,2.69
16,24,5,96,1024,10,3,5242880,20,4,6,865.891,519.23,2.69
16,24,5,96,1024,10,4,1048576,20,4,6,866.041,519.14,2.76
16,24,5,96,1024,10,4,5242880,20,4,6,859.972,522.80,2.76
16,24,5,96,1024,50,1,1048576,20,4,6,866.952,518.59,2.30
16,24,5,96,1024,50,1,5242880,20,4,6,869.231,517.23,2.30
16,24,5,96,1024,50,2,1048576,20,4,6,863.427,520.71,2.29
16,24,5,96,1024,50,2,5242880,20,4,6,873.067,514.96,2.29
16,24,5,96,1024,50,3,1048576,20,4,6,864.668,519.96,2.30
16,24,5,96,1024,50,3,5242880,20,4,6,869.178,517.27,2.30
16,24,5,96,1024,50,4,1048576,20,4,6,859.904,522.85,2.42
16,24,5,96,1024,50,4,5242880,20,4,6,871.976,515.61,2.42
16,24,5,96,1024,256,1,1048576,20,4,6,886.347,507.25,2.04
16,24,5,96,1024,256,1,5242880,20,4,6,900.242,499.42,2.04
16,24,5,96,1024,256,2,1048576,20,4,6,892.630,503.68,2.08
16,24,5,96,1024,256,2,5242880,20,4,6,884.742,508.17,2.08
16,24,5,96,1024,256,3,1048576,20,4,6,877.579,512.31,2.13
16,24,5,96,1024,256,3,5242880,20,4,6,889.607,505.39,2.13
16,24,5,96,1024,256,4,1048576,20,4,6,893.908,502.96,2.15
16,24,5,96,1024,256,4,5242880,20,4,6,882.320,509.56,2.15
